level,label,bucket,reason,n_occurrences,n_trials,example_nct,parser_rules_version
category,Female,female,mapped,78815,77913,NCT03267134,parsers.R@2026-08-17 / outcomes@2026-09-10
category,Male,male,mapped,78803,77903,NCT03267134,parsers.R@2026-08-17 / outcomes@2026-09-10
class,Female,female,mapped,1492,1477,NCT04404855,parsers.R@2026-08-17 / outcomes@2026-09-10
class,Male,male,mapped,1424,1410,NCT04404855,parsers.R@2026-08-17 / outcomes@2026-09-10
class,Gender,,structural_or_group,170,170,NCT04016558,parsers.R@2026-08-17 / outcomes@2026-09-10
class,Unknown,unknown,mapped,174,168,NCT01998035,parsers.R@2026-08-17 / outcomes@2026-09-10
class,Other,gender_diverse,mapped,152,145,NCT03652675,parsers.R@2026-08-17 / outcomes@2026-09-10
class,Sex,,structural_or_group,117,117,NCT03432364,parsers.R@2026-08-17 / outcomes@2026-09-10
category,Other,gender_diverse,mapped,107,102,NCT05407935,parsers.R@2026-08-17 / outcomes@2026-09-10
category,Unknown,unknown,mapped,104,82,NCT04016558,parsers.R@2026-08-17 / outcomes@2026-09-10
class,Missing,unknown,mapped,81,80,NCT04498143,parsers.R@2026-08-17 / outcomes@2026-09-10
class,Non-binary,gender_diverse,mapped,55,55,NCT04404855,parsers.R@2026-08-17 / outcomes@2026-09-10
category,Bisexual,,sexual_orientation,52,52,NCT04757649,parsers.R@2026-08-17 / outcomes@2026-09-10
class,Transgender,gender_diverse,mapped,48,48,NCT03652675,parsers.R@2026-08-17 / outcomes@2026-09-10
class,Woman,female,mapped,47,47,NCT03751020,parsers.R@2026-08-17 / outcomes@2026-09-10
class,Man,male,mapped,46,46,NCT03751020,parsers.R@2026-08-17 / outcomes@2026-09-10
category,Missing,unknown,mapped,59,45,NCT01657344,parsers.R@2026-08-17 / outcomes@2026-09-10
class,Sex/Gender,,unrecognized,35,35,NCT05965726,parsers.R@2026-08-17 / outcomes@2026-09-10
class,Caregivers,,unrecognized,33,33,NCT04308512,parsers.R@2026-08-17 / outcomes@2026-09-10
category,Non-binary,gender_diverse,mapped,32,31,NCT04925570,parsers.R@2026-08-17 / outcomes@2026-09-10
class,female,female,mapped,31,31,NCT00684320,parsers.R@2026-08-17 / outcomes@2026-09-10
class,Women,female,mapped,29,29,NCT03047005,parsers.R@2026-08-17 / outcomes@2026-09-10
class,male,male,mapped,29,29,NCT00684320,parsers.R@2026-08-17 / outcomes@2026-09-10
category,Man,male,mapped,28,28,NCT06290180,parsers.R@2026-08-17 / outcomes@2026-09-10
class,Females,female,mapped,27,27,NCT01019135,parsers.R@2026-08-17 / outcomes@2026-09-10
category,Woman,female,mapped,26,26,NCT06290180,parsers.R@2026-08-17 / outcomes@2026-09-10
class,Patients,,structural_or_group,25,25,NCT04912245,parsers.R@2026-08-17 / outcomes@2026-09-10
class,Males,male,mapped,23,23,NCT03109418,parsers.R@2026-08-17 / outcomes@2026-09-10
class,Non-Binary,gender_diverse,mapped,23,23,NCT03856437,parsers.R@2026-08-17 / outcomes@2026-09-10
class,Prefer not to answer,unknown,mapped,24,23,NCT04599166,parsers.R@2026-08-17 / outcomes@2026-09-10
category,Prefer not to answer,unknown,mapped,25,23,NCT03985800,parsers.R@2026-08-17 / outcomes@2026-09-10
class,Bisexual,,sexual_orientation,22,22,NCT03313310,parsers.R@2026-08-17 / outcomes@2026-09-10
category,Heterosexual,,sexual_orientation,22,22,NCT04925570,parsers.R@2026-08-17 / outcomes@2026-09-10
category,Transgender,gender_diverse,mapped,22,22,NCT03058952,parsers.R@2026-08-17 / outcomes@2026-09-10
category,FEMALE,female,mapped,21,21,NCT01607593,parsers.R@2026-08-17 / outcomes@2026-09-10
category,MALE,male,mapped,21,21,NCT01607593,parsers.R@2026-08-17 / outcomes@2026-09-10
category,No,,unrecognized,23,18,NCT01559389,parsers.R@2026-08-17 / outcomes@2026-09-10
class,Nonbinary,gender_diverse,mapped,18,18,NCT04498143,parsers.R@2026-08-17 / outcomes@2026-09-10
class,Not Reported,unknown,mapped,19,18,NCT01735916,parsers.R@2026-08-17 / outcomes@2026-09-10
class,Gender Identity,,unrecognized,17,17,NCT04757649,parsers.R@2026-08-17 / outcomes@2026-09-10
class,Part A,,unrecognized,17,17,NCT03537651,parsers.R@2026-08-17 / outcomes@2026-09-10
category,Queer,,sexual_orientation,18,17,NCT04925570,parsers.R@2026-08-17 / outcomes@2026-09-10
class,Unspecified,unknown,mapped,17,17,NCT01245387,parsers.R@2026-08-17 / outcomes@2026-09-10
class,No,,unrecognized,23,16,NCT04233372,parsers.R@2026-08-17 / outcomes@2026-09-10
category,Yes,,unrecognized,21,16,NCT01559389,parsers.R@2026-08-17 / outcomes@2026-09-10
class,Yes,,unrecognized,23,16,NCT04233372,parsers.R@2026-08-17 / outcomes@2026-09-10
category,Asexual,,sexual_orientation,15,15,NCT04757649,parsers.R@2026-08-17 / outcomes@2026-09-10
class,Children,,structural_or_group,15,15,NCT05048433,parsers.R@2026-08-17 / outcomes@2026-09-10
category,Gay,,sexual_orientation,15,15,NCT02796963,parsers.R@2026-08-17 / outcomes@2026-09-10
class,Men,male,mapped,15,15,NCT03047005,parsers.R@2026-08-17 / outcomes@2026-09-10
class,Part 1,,unrecognized,15,15,NCT03290248,parsers.R@2026-08-17 / outcomes@2026-09-10
class,Part B,,unrecognized,15,15,NCT03537651,parsers.R@2026-08-17 / outcomes@2026-09-10
category,Unknown or Not Reported,unknown,mapped,16,15,NCT03323307,parsers.R@2026-08-17 / outcomes@2026-09-10
class,Unknown or Not Reported,unknown,mapped,15,15,NCT04520256,parsers.R@2026-08-17 / outcomes@2026-09-10
category,female,female,mapped,15,15,NCT05143047,parsers.R@2026-08-17 / outcomes@2026-09-10
class,unknown,unknown,mapped,15,15,NCT01663779,parsers.R@2026-08-17 / outcomes@2026-09-10
class,Not reported,unknown,mapped,14,14,NCT01170091,parsers.R@2026-08-17 / outcomes@2026-09-10
class,Part 2,,unrecognized,14,14,NCT03290248,parsers.R@2026-08-17 / outcomes@2026-09-10
category,male,male,mapped,14,14,NCT05143047,parsers.R@2026-08-17 / outcomes@2026-09-10
class,Intersex,gender_diverse,mapped,13,13,NCT04498143,parsers.R@2026-08-17 / outcomes@2026-09-10
category,Men,male,mapped,14,13,NCT04870099,parsers.R@2026-08-17 / outcomes@2026-09-10
class,Parent,,structural_or_group,13,13,NCT04516252,parsers.R@2026-08-17 / outcomes@2026-09-10
class,Parents,,structural_or_group,13,13,NCT04317664,parsers.R@2026-08-17 / outcomes@2026-09-10
class,Prefer not to say,unknown,mapped,13,13,NCT04634903,parsers.R@2026-08-17 / outcomes@2026-09-10
class,Transgender Female,ambiguous,mapped,13,13,NCT03552978,parsers.R@2026-08-17 / outcomes@2026-09-10
category,Women,female,mapped,14,13,NCT04870099,parsers.R@2026-08-17 / outcomes@2026-09-10
category,Pansexual,,sexual_orientation,12,12,NCT04757649,parsers.R@2026-08-17 / outcomes@2026-09-10
class,Phase 2,,unrecognized,12,12,NCT02384954,parsers.R@2026-08-17 / outcomes@2026-09-10
class,Gay,,sexual_orientation,11,11,NCT03313310,parsers.R@2026-08-17 / outcomes@2026-09-10
class,Heterosexual,,sexual_orientation,11,11,NCT04233372,parsers.R@2026-08-17 / outcomes@2026-09-10
category,Not reported,unknown,mapped,11,11,NCT04587167,parsers.R@2026-08-17 / outcomes@2026-09-10
category,Undifferentiated,unknown,mapped,17,11,NCT04614948,parsers.R@2026-08-17 / outcomes@2026-09-10
class,sex,,structural_or_group,11,11,NCT01359007,parsers.R@2026-08-17 / outcomes@2026-09-10
class,Queer,,sexual_orientation,10,10,NCT03313310,parsers.R@2026-08-17 / outcomes@2026-09-10
class,Transgender Male,ambiguous,mapped,10,10,NCT04906707,parsers.R@2026-08-17 / outcomes@2026-09-10
class,Adolescent,,unrecognized,9,9,NCT04516252,parsers.R@2026-08-17 / outcomes@2026-09-10
class,Caregiver,,unrecognized,9,9,NCT02483520,parsers.R@2026-08-17 / outcomes@2026-09-10
category,Homosexual,,sexual_orientation,9,9,NCT04109118,parsers.R@2026-08-17 / outcomes@2026-09-10
category,Intersex,gender_diverse,mapped,10,9,NCT05965726,parsers.R@2026-08-17 / outcomes@2026-09-10
class,Missing data,unknown,mapped,9,9,NCT00830115,parsers.R@2026-08-17 / outcomes@2026-09-10
category,Non-Binary,gender_diverse,mapped,9,9,NCT04757649,parsers.R@2026-08-17 / outcomes@2026-09-10
class,Not collected,unknown,mapped,9,9,NCT00676208,parsers.R@2026-08-17 / outcomes@2026-09-10
category,Unknown or not reported,unknown,mapped,11,9,NCT03681119,parsers.R@2026-08-17 / outcomes@2026-09-10
class,Child,,structural_or_group,8,8,NCT04066205,parsers.R@2026-08-17 / outcomes@2026-09-10
class,Cohort 2,,structural_or_group,8,8,NCT03165526,parsers.R@2026-08-17 / outcomes@2026-09-10
class,Gender identity,,unrecognized,8,8,NCT04870099,parsers.R@2026-08-17 / outcomes@2026-09-10
class,Genderqueer,gender_diverse,mapped,8,8,NCT04498143,parsers.R@2026-08-17 / outcomes@2026-09-10
category,Lesbian,,sexual_orientation,8,8,NCT04408469,parsers.R@2026-08-17 / outcomes@2026-09-10
class,Missing Data,unknown,mapped,8,8,NCT01987752,parsers.R@2026-08-17 / outcomes@2026-09-10
class,Phase 1,,unrecognized,8,8,NCT02384954,parsers.R@2026-08-17 / outcomes@2026-09-10
category,Prefer Not to Answer,unknown,mapped,8,8,NCT03610698,parsers.R@2026-08-17 / outcomes@2026-09-10
class,Stage 1,,unrecognized,8,8,NCT01960257,parsers.R@2026-08-17 / outcomes@2026-09-10
class,Stage 2,,unrecognized,8,8,NCT03281369,parsers.R@2026-08-17 / outcomes@2026-09-10
class,Total,,structural_or_group,8,8,NCT04911296,parsers.R@2026-08-17 / outcomes@2026-09-10
class,Adolescents,,unrecognized,7,7,NCT03986190,parsers.R@2026-08-17 / outcomes@2026-09-10
class,All Participants,,unrecognized,7,7,NCT02699450,parsers.R@2026-08-17 / outcomes@2026-09-10
class,Child Participants,,unrecognized,7,7,NCT02374138,parsers.R@2026-08-17 / outcomes@2026-09-10
class,Cohort 1,,structural_or_group,7,7,NCT03165526,parsers.R@2026-08-17 / outcomes@2026-09-10
class,Mothers,,structural_or_group,7,7,NCT03101891,parsers.R@2026-08-17 / outcomes@2026-09-10
category,Nonbinary,gender_diverse,mapped,8,7,NCT04066959,parsers.R@2026-08-17 / outcomes@2026-09-10
category,Not Reported,unknown,mapped,14,7,NCT01380990,parsers.R@2026-08-17 / outcomes@2026-09-10
category,Not disclosed,unknown,mapped,7,7,NCT04543188,parsers.R@2026-08-17 / outcomes@2026-09-10
class,Overall,,structural_or_group,7,7,NCT03276754,parsers.R@2026-08-17 / outcomes@2026-09-10
category,Prefer not to say,unknown,mapped,7,7,NCT06129487,parsers.R@2026-08-17 / outcomes@2026-09-10
category,Straight,,sexual_orientation,7,7,NCT02332239,parsers.R@2026-08-17 / outcomes@2026-09-10
category,Straight/Heterosexual,,sexual_orientation,7,7,NCT04757649,parsers.R@2026-08-17 / outcomes@2026-09-10
class,Unknown or not reported,unknown,mapped,8,7,NCT04507360,parsers.R@2026-08-17 / outcomes@2026-09-10
class,Unknown/Not Reported,unknown,mapped,7,7,NCT05434013,parsers.R@2026-08-17 / outcomes@2026-09-10
class,Unknown/Not reported,unknown,mapped,7,7,NCT06834763,parsers.R@2026-08-17 / outcomes@2026-09-10
category,Cisgender,gender_diverse,mapped,6,6,NCT04193189,parsers.R@2026-08-17 / outcomes@2026-09-10
class,Male or Female,female,mapped,6,6,NCT00524134,parsers.R@2026-08-17 / outcomes@2026-09-10
class,Patient,,structural_or_group,6,6,NCT05958615,parsers.R@2026-08-17 / outcomes@2026-09-10
class,Prefer Not to Answer,unknown,mapped,6,6,NCT03325608,parsers.R@2026-08-17 / outcomes@2026-09-10
class,Providers,,structural_or_group,6,6,NCT02922738,parsers.R@2026-08-17 / outcomes@2026-09-10
class,Sex at Birth,,unrecognized,6,6,NCT06050083,parsers.R@2026-08-17 / outcomes@2026-09-10
class,"Sex: Female, Male",female,mapped,6,6,NCT04308759,parsers.R@2026-08-17 / outcomes@2026-09-10
category,Transgender Female,ambiguous,mapped,6,6,NCT03910218,parsers.R@2026-08-17 / outcomes@2026-09-10
class,Transgender Man,ambiguous,mapped,6,6,NCT03751020,parsers.R@2026-08-17 / outcomes@2026-09-10
class,Undifferentiated,unknown,mapped,6,6,NCT04908722,parsers.R@2026-08-17 / outcomes@2026-09-10
class,Unknown/Missing,unknown,mapped,6,6,NCT04981392,parsers.R@2026-08-17 / outcomes@2026-09-10
class,Adults,,unrecognized,5,5,NCT02544321,parsers.R@2026-08-17 / outcomes@2026-09-10
class,Cisgender Male,ambiguous,mapped,5,5,NCT03396367,parsers.R@2026-08-17 / outcomes@2026-09-10
category,Genderqueer,gender_diverse,mapped,5,5,NCT04757649,parsers.R@2026-08-17 / outcomes@2026-09-10
class,Main Study,,unrecognized,5,5,NCT05375929,parsers.R@2026-08-17 / outcomes@2026-09-10
class,Male and Female,female,mapped,5,5,NCT00527748,parsers.R@2026-08-17 / outcomes@2026-09-10
category,Missing data,unknown,mapped,5,5,NCT03374683,parsers.R@2026-08-17 / outcomes@2026-09-10
category,Not sure,unknown,mapped,5,5,NCT06311084,parsers.R@2026-08-17 / outcomes@2026-09-10
class,Others,gender_diverse,mapped,5,5,NCT06274723,parsers.R@2026-08-17 / outcomes@2026-09-10
class,Parent Participants,,unrecognized,5,5,NCT02374138,parsers.R@2026-08-17 / outcomes@2026-09-10
class,Participants,,structural_or_group,5,5,NCT02064959,parsers.R@2026-08-17 / outcomes@2026-09-10
category,Transgender Male,ambiguous,mapped,5,5,NCT03910218,parsers.R@2026-08-17 / outcomes@2026-09-10
class,Transgender Woman,ambiguous,mapped,5,5,NCT03751020,parsers.R@2026-08-17 / outcomes@2026-09-10
category,Transgender female,ambiguous,mapped,5,5,NCT04974580,parsers.R@2026-08-17 / outcomes@2026-09-10
class,Transgender women,ambiguous,mapped,5,5,NCT04878328,parsers.R@2026-08-17 / outcomes@2026-09-10
category,Unknown/Not Reported,unknown,mapped,5,5,NCT03993457,parsers.R@2026-08-17 / outcomes@2026-09-10
category,Unspecified,unknown,mapped,5,5,NCT01200407,parsers.R@2026-08-17 / outcomes@2026-09-10
class,gender,,structural_or_group,5,5,NCT03136913,parsers.R@2026-08-17 / outcomes@2026-09-10
class,missing,unknown,mapped,5,5,NCT03877744,parsers.R@2026-08-17 / outcomes@2026-09-10
class,other,gender_diverse,mapped,5,5,NCT04720053,parsers.R@2026-08-17 / outcomes@2026-09-10
category,Agender,gender_diverse,mapped,4,4,NCT04757649,parsers.R@2026-08-17 / outcomes@2026-09-10
class,Asexual,,sexual_orientation,4,4,NCT03751020,parsers.R@2026-08-17 / outcomes@2026-09-10
class,Baseline,,unrecognized,4,4,NCT04129450,parsers.R@2026-08-17 / outcomes@2026-09-10
class,Caregiver Sex,,unrecognized,4,4,NCT03786471,parsers.R@2026-08-17 / outcomes@2026-09-10
class,Child Sex,,unrecognized,4,4,NCT04528732,parsers.R@2026-08-17 / outcomes@2026-09-10
class,Child participants,,unrecognized,4,4,NCT05358444,parsers.R@2026-08-17 / outcomes@2026-09-10
class,China Cohort,,structural_or_group,4,4,NCT02296125,parsers.R@2026-08-17 / outcomes@2026-09-10
class,Cisgender male,ambiguous,mapped,4,4,NCT05564299,parsers.R@2026-08-17 / outcomes@2026-09-10
class,Did not answer,unknown,mapped,4,4,NCT03548779,parsers.R@2026-08-17 / outcomes@2026-09-10
category,Females,female,mapped,4,4,NCT02289950,parsers.R@2026-08-17 / outcomes@2026-09-10
category,Gay/Lesbian,,sexual_orientation,4,4,NCT04757649,parsers.R@2026-08-17 / outcomes@2026-09-10
class,Gender not reported,unknown,mapped,4,4,NCT01078571,parsers.R@2026-08-17 / outcomes@2026-09-10
class,Global cohort,,structural_or_group,4,4,NCT04305496,parsers.R@2026-08-17 / outcomes@2026-09-10
category,Heterosexual/straight,,sexual_orientation,4,4,NCT03624972,parsers.R@2026-08-17 / outcomes@2026-09-10
class,Homosexual,,sexual_orientation,4,4,NCT04233372,parsers.R@2026-08-17 / outcomes@2026-09-10
class,Infants,,structural_or_group,4,4,NCT03464630,parsers.R@2026-08-17 / outcomes@2026-09-10
class,Lesbian,,sexual_orientation,4,4,NCT03751020,parsers.R@2026-08-17 / outcomes@2026-09-10
class,MALE,male,mapped,4,4,NCT01178528,parsers.R@2026-08-17 / outcomes@2026-09-10
class,Male Participants,male,mapped,4,4,NCT02611154,parsers.R@2026-08-17 / outcomes@2026-09-10
class,Mother,,structural_or_group,4,4,NCT04050202,parsers.R@2026-08-17 / outcomes@2026-09-10
class,NA,,structural_or_group,4,4,NCT02127931,parsers.R@2026-08-17 / outcomes@2026-09-10
class,Not Collected,unknown,mapped,4,4,NCT00686205,parsers.R@2026-08-17 / outcomes@2026-09-10
category,Not Disclosed,unknown,mapped,8,4,NCT02159066,parsers.R@2026-08-17 / outcomes@2026-09-10
class,Not Specified,unknown,mapped,4,4,NCT00988832,parsers.R@2026-08-17 / outcomes@2026-09-10
class,Other Gender,gender_diverse,mapped,4,4,NCT04281030,parsers.R@2026-08-17 / outcomes@2026-09-10
class,Part C,,unrecognized,4,4,NCT02855164,parsers.R@2026-08-17 / outcomes@2026-09-10
class,Period 1,,unrecognized,4,4,NCT05032196,parsers.R@2026-08-17 / outcomes@2026-09-10
class,Prefer not to disclose,unknown,mapped,4,4,NCT05207956,parsers.R@2026-08-17 / outcomes@2026-09-10
class,Questioning,gender_diverse,mapped,4,4,NCT03751020,parsers.R@2026-08-17 / outcomes@2026-09-10
class,Sex/gender,,unrecognized,4,4,NCT04279483,parsers.R@2026-08-17 / outcomes@2026-09-10
category,Straight or heterosexual,,sexual_orientation,4,4,NCT05386329,parsers.R@2026-08-17 / outcomes@2026-09-10
class,Trans Man,ambiguous,mapped,4,4,NCT03489707,parsers.R@2026-08-17 / outcomes@2026-09-10
class,Trans Woman,ambiguous,mapped,4,4,NCT03489707,parsers.R@2026-08-17 / outcomes@2026-09-10
class,Trans male,ambiguous,mapped,4,4,NCT04498143,parsers.R@2026-08-17 / outcomes@2026-09-10
category,Transgender spectrum,gender_diverse,mapped,4,4,NCT04193189,parsers.R@2026-08-17 / outcomes@2026-09-10
class,Transgender woman,ambiguous,mapped,4,4,NCT01327651,parsers.R@2026-08-17 / outcomes@2026-09-10
class,Veterans,,unrecognized,4,4,NCT04241094,parsers.R@2026-08-17 / outcomes@2026-09-10
class,caregivers,,unrecognized,4,4,NCT04912245,parsers.R@2026-08-17 / outcomes@2026-09-10
category,unknown,unknown,mapped,4,4,NCT04505969,parsers.R@2026-08-17 / outcomes@2026-09-10
class,Adult,,unrecognized,3,3,NCT03580369,parsers.R@2026-08-17 / outcomes@2026-09-10
class,Ambiguous,gender_diverse,mapped,3,3,NCT00074412,parsers.R@2026-08-17 / outcomes@2026-09-10
category,Boy,male,mapped,3,3,NCT03231358,parsers.R@2026-08-17 / outcomes@2026-09-10
class,Child Gender,,unrecognized,3,3,NCT02713659,parsers.R@2026-08-17 / outcomes@2026-09-10
class,Child sex,,unrecognized,3,3,NCT02973815,parsers.R@2026-08-17 / outcomes@2026-09-10
class,China cohort,,structural_or_group,3,3,NCT04305496,parsers.R@2026-08-17 / outcomes@2026-09-10
class,Cisgender,gender_diverse,mapped,3,3,NCT03512210,parsers.R@2026-08-17 / outcomes@2026-09-10
class,Cisgender female,ambiguous,mapped,3,3,NCT05393869,parsers.R@2026-08-17 / outcomes@2026-09-10
class,De-identified,unknown,mapped,3,3,NCT05677347,parsers.R@2026-08-17 / outcomes@2026-09-10
category,Decline to Answer,unknown,mapped,3,3,NCT03910218,parsers.R@2026-08-17 / outcomes@2026-09-10
class,Decline to Answer,unknown,mapped,3,3,NCT03498287,parsers.R@2026-08-17 / outcomes@2026-09-10
class,Declined to answer,unknown,mapped,3,3,NCT03320512,parsers.R@2026-08-17 / outcomes@2026-09-10
category,Don't know,,unrecognized,3,3,NCT04925570,parsers.R@2026-08-17 / outcomes@2026-09-10
class,FEMALE,female,mapped,3,3,NCT01178528,parsers.R@2026-08-17 / outcomes@2026-09-10
class,Female (Comparison 1),female,mapped,3,3,NCT07513259,parsers.R@2026-08-17 / outcomes@2026-09-10
class,Female (Comparison 2),female,mapped,3,3,NCT07513259,parsers.R@2026-08-17 / outcomes@2026-09-10
class,Female (Comparison 3),female,mapped,3,3,NCT07513259,parsers.R@2026-08-17 / outcomes@2026-09-10
class,Female (Comparison 4),female,mapped,3,3,NCT07513259,parsers.R@2026-08-17 / outcomes@2026-09-10
class,Female only,female,mapped,3,3,NCT03451071,parsers.R@2026-08-17 / outcomes@2026-09-10
class,Female participants,female,mapped,3,3,NCT05280691,parsers.R@2026-08-17 / outcomes@2026-09-10
class,Full analysis set,,unrecognized,3,3,NCT03384966,parsers.R@2026-08-17 / outcomes@2026-09-10
category,Gay or Lesbian,,sexual_orientation,3,3,NCT04925570,parsers.R@2026-08-17 / outcomes@2026-09-10
category,Gay/homosexual,,sexual_orientation,3,3,NCT03803683,parsers.R@2026-08-17 / outcomes@2026-09-10
class,Gender : Female,female,mapped,3,3,NCT02610725,parsers.R@2026-08-17 / outcomes@2026-09-10
class,Gender : Male,male,mapped,3,3,NCT02610725,parsers.R@2026-08-17 / outcomes@2026-09-10
class,Gender Queer,gender_diverse,mapped,3,3,NCT03751020,parsers.R@2026-08-17 / outcomes@2026-09-10
class,Gender Unknown,unknown,mapped,3,3,NCT03599687,parsers.R@2026-08-17 / outcomes@2026-09-10
category,Girl,female,mapped,3,3,NCT03231358,parsers.R@2026-08-17 / outcomes@2026-09-10
class,Global Cohort,,structural_or_group,3,3,NCT03043872,parsers.R@2026-08-17 / outcomes@2026-09-10
class,Heterosexual or Straight,,sexual_orientation,3,3,NCT03316911,parsers.R@2026-08-17 / outcomes@2026-09-10
category,Lesbian/Gay,,sexual_orientation,3,3,NCT01537419,parsers.R@2026-08-17 / outcomes@2026-09-10
class,Maintenance Phase,,unrecognized,3,3,NCT01559935,parsers.R@2026-08-17 / outcomes@2026-09-10
class,Male (Comparison 1),male,mapped,3,3,NCT07513259,parsers.R@2026-08-17 / outcomes@2026-09-10
class,Male (Comparison 2),male,mapped,3,3,NCT07513259,parsers.R@2026-08-17 / outcomes@2026-09-10
class,Male (Comparison 3),male,mapped,3,3,NCT07513259,parsers.R@2026-08-17 / outcomes@2026-09-10
class,Male (Comparison 4),male,mapped,3,3,NCT07513259,parsers.R@2026-08-17 / outcomes@2026-09-10
category,Males,male,mapped,3,3,NCT01892865,parsers.R@2026-08-17 / outcomes@2026-09-10
category,Missing/declined to answer,unknown,mapped,8,3,NCT05132322,parsers.R@2026-08-17 / outcomes@2026-09-10
class,Non-binary or gender fluid,gender_diverse,mapped,3,3,NCT05185453,parsers.R@2026-08-17 / outcomes@2026-09-10
class,Non-binary/third gender,gender_diverse,mapped,3,3,NCT04806165,parsers.R@2026-08-17 / outcomes@2026-09-10
class,None,,unrecognized,4,3,NCT00276094,parsers.R@2026-08-17 / outcomes@2026-09-10
class,Not Available,unknown,mapped,3,3,NCT01167608,parsers.R@2026-08-17 / outcomes@2026-09-10
class,Not Listed,unknown,mapped,3,3,NCT05035550,parsers.R@2026-08-17 / outcomes@2026-09-10
class,Number of Enrolled Females,female,mapped,3,3,NCT05193500,parsers.R@2026-08-17 / outcomes@2026-09-10
class,Number of Enrolled Males,male,mapped,3,3,NCT05193500,parsers.R@2026-08-17 / outcomes@2026-09-10
category,Other Gender,gender_diverse,mapped,3,3,NCT04757649,parsers.R@2026-08-17 / outcomes@2026-09-10
class,Pansexual,,sexual_orientation,3,3,NCT03751020,parsers.R@2026-08-17 / outcomes@2026-09-10
class,Parent Female,female,mapped,3,3,NCT05714943,parsers.R@2026-08-17 / outcomes@2026-09-10
class,Parent Male,male,mapped,3,3,NCT05714943,parsers.R@2026-08-17 / outcomes@2026-09-10
class,Partner,,unrecognized,3,3,NCT05958615,parsers.R@2026-08-17 / outcomes@2026-09-10
class,Period 2,,unrecognized,3,3,NCT05032196,parsers.R@2026-08-17 / outcomes@2026-09-10
class,Phase I,,unrecognized,3,3,NCT01897714,parsers.R@2026-08-17 / outcomes@2026-09-10
class,Phase II,,unrecognized,3,3,NCT01897714,parsers.R@2026-08-17 / outcomes@2026-09-10
category,Prefer Not to Answer the Question,unknown,mapped,9,3,NCT05894538,parsers.R@2026-08-17 / outcomes@2026-09-10
class,Prefer Not to Say,unknown,mapped,3,3,NCT04927845,parsers.R@2026-08-17 / outcomes@2026-09-10
category,Prefer not to disclose,unknown,mapped,4,3,NCT05047627,parsers.R@2026-08-17 / outcomes@2026-09-10
class,Prefers not to identify,unknown,mapped,3,3,NCT03636490,parsers.R@2026-08-17 / outcomes@2026-09-10
class,Refuse to answer,unknown,mapped,4,3,NCT02469714,parsers.R@2026-08-17 / outcomes@2026-09-10
class,SEX,,structural_or_group,3,3,NCT00614822,parsers.R@2026-08-17 / outcomes@2026-09-10
class,Sex : Female,female,mapped,3,3,NCT02488551,parsers.R@2026-08-17 / outcomes@2026-09-10
class,Sex : Male,male,mapped,3,3,NCT02488551,parsers.R@2026-08-17 / outcomes@2026-09-10
class,Sex assigned at birth,,unrecognized,3,3,NCT04636840,parsers.R@2026-08-17 / outcomes@2026-09-10
class,Sex at birth,,unrecognized,3,3,NCT06129487,parsers.R@2026-08-17 / outcomes@2026-09-10
class,"Sex, Female",female,mapped,3,3,NCT04660331,parsers.R@2026-08-17 / outcomes@2026-09-10
class,"Sex/Gender, Customized",,unrecognized,3,3,NCT02633267,parsers.R@2026-08-17 / outcomes@2026-09-10
class,Something Else,gender_diverse,mapped,3,3,NCT03316911,parsers.R@2026-08-17 / outcomes@2026-09-10
class,Straight,,sexual_orientation,3,3,NCT05080972,parsers.R@2026-08-17 / outcomes@2026-09-10
category,Straight/heterosexual,,sexual_orientation,3,3,NCT06425458,parsers.R@2026-08-17 / outcomes@2026-09-10
class,Teachers,,unrecognized,3,3,NCT05048433,parsers.R@2026-08-17 / outcomes@2026-09-10
class,Unavailable,unknown,mapped,3,3,NCT00705666,parsers.R@2026-08-17 / outcomes@2026-09-10
class,Undisclosed,unknown,mapped,3,3,NCT03450980,parsers.R@2026-08-17 / outcomes@2026-09-10
class,Unknown or Not Reported (Comparison 1),unknown,mapped,3,3,NCT07513259,parsers.R@2026-08-17 / outcomes@2026-09-10
class,Unknown or Not Reported (Comparison 2),unknown,mapped,3,3,NCT07513259,parsers.R@2026-08-17 / outcomes@2026-09-10
class,Unknown or Not Reported (Comparison 3),unknown,mapped,3,3,NCT07513259,parsers.R@2026-08-17 / outcomes@2026-09-10
class,Unknown or Not Reported (Comparison 4),unknown,mapped,3,3,NCT07513259,parsers.R@2026-08-17 / outcomes@2026-09-10
category,Unknown/Not reported,unknown,mapped,3,3,NCT03251495,parsers.R@2026-08-17 / outcomes@2026-09-10
class,Youth,,unrecognized,3,3,NCT05117099,parsers.R@2026-08-17 / outcomes@2026-09-10
class,mITT,,unrecognized,3,3,NCT03861169,parsers.R@2026-08-17 / outcomes@2026-09-10
class,males,male,mapped,3,3,NCT01280617,parsers.R@2026-08-17 / outcomes@2026-09-10
class,0,,unrecognized,2,2,NCT00223080,parsers.R@2026-08-17 / outcomes@2026-09-10
category,1,,unrecognized,2,2,NCT00865566,parsers.R@2026-08-17 / outcomes@2026-09-10
category,2,,unrecognized,2,2,NCT00865566,parsers.R@2026-08-17 / outcomes@2026-09-10
class,Adolescent Female,female,mapped,2,2,NCT05714943,parsers.R@2026-08-17 / outcomes@2026-09-10
class,Adolescent Male,male,mapped,2,2,NCT05714943,parsers.R@2026-08-17 / outcomes@2026-09-10
class,Adolescent Sex,,unrecognized,2,2,NCT03818711,parsers.R@2026-08-17 / outcomes@2026-09-10
class,All participants,,unrecognized,2,2,NCT02542293,parsers.R@2026-08-17 / outcomes@2026-09-10
class,All patients,,unrecognized,2,2,NCT04561778,parsers.R@2026-08-17 / outcomes@2026-09-10
class,Another identity,gender_diverse,mapped,2,2,NCT04597190,parsers.R@2026-08-17 / outcomes@2026-09-10
class,Any STI,,unrecognized,2,2,NCT01836445,parsers.R@2026-08-17 / outcomes@2026-09-10
class,Baseline (12 months),,unrecognized,2,2,NCT05423756,parsers.R@2026-08-17 / outcomes@2026-09-10
category,Bisexual Males,,sexual_orientation,2,2,NCT05161689,parsers.R@2026-08-17 / outcomes@2026-09-10
class,Boy/Man,male,mapped,2,2,NCT05376358,parsers.R@2026-08-17 / outcomes@2026-09-10
class,Boys,male,mapped,2,2,NCT06017050,parsers.R@2026-08-17 / outcomes@2026-09-10
class,Care Partners,,unrecognized,2,2,NCT02328326,parsers.R@2026-08-17 / outcomes@2026-09-10
class,Care partners,,unrecognized,2,2,NCT04621448,parsers.R@2026-08-17 / outcomes@2026-09-10
class,Caregiver Gender,,unrecognized,2,2,NCT03740113,parsers.R@2026-08-17 / outcomes@2026-09-10
class,Caregiver Participants,,unrecognized,2,2,NCT03773757,parsers.R@2026-08-17 / outcomes@2026-09-10
class,Caregiver Sex Demographics,,unrecognized,2,2,NCT04506437,parsers.R@2026-08-17 / outcomes@2026-09-10
class,Caregiver sex,,unrecognized,2,2,NCT04528732,parsers.R@2026-08-17 / outcomes@2026-09-10
class,Child Female,female,mapped,2,2,NCT06408818,parsers.R@2026-08-17 / outcomes@2026-09-10
class,Child Male,male,mapped,2,2,NCT06408818,parsers.R@2026-08-17 / outcomes@2026-09-10
class,China,,unrecognized,2,2,NCT03434379,parsers.R@2026-08-17 / outcomes@2026-09-10
class,Choose not to disclose,unknown,mapped,2,2,NCT05142618,parsers.R@2026-08-17 / outcomes@2026-09-10
class,Chose not to answer,unknown,mapped,2,2,NCT06268730,parsers.R@2026-08-17 / outcomes@2026-09-10
class,Cisgender Female,ambiguous,mapped,2,2,NCT06094647,parsers.R@2026-08-17 / outcomes@2026-09-10
class,Cisgender Man,ambiguous,mapped,2,2,NCT05512949,parsers.R@2026-08-17 / outcomes@2026-09-10
category,Cisgender Man,ambiguous,mapped,2,2,NCT03464422,parsers.R@2026-08-17 / outcomes@2026-09-10
category,Cisgender male,ambiguous,mapped,2,2,NCT04797221,parsers.R@2026-08-17 / outcomes@2026-09-10
class,Cisgender man or boy,ambiguous,mapped,2,2,NCT05140421,parsers.R@2026-08-17 / outcomes@2026-09-10
class,Cisgender woman or girl,ambiguous,mapped,2,2,NCT05140421,parsers.R@2026-08-17 / outcomes@2026-09-10
class,Cisgender women,ambiguous,mapped,2,2,NCT04878328,parsers.R@2026-08-17 / outcomes@2026-09-10
class,Clinicians,,structural_or_group,2,2,NCT03885232,parsers.R@2026-08-17 / outcomes@2026-09-10
category,Decline to answer,unknown,mapped,2,2,NCT02870101,parsers.R@2026-08-17 / outcomes@2026-09-10
class,Declined to respond,unknown,mapped,2,2,NCT05533190,parsers.R@2026-08-17 / outcomes@2026-09-10
category,Did not answer,unknown,mapped,2,2,NCT05421754,parsers.R@2026-08-17 / outcomes@2026-09-10
class,Different Identity,gender_diverse,mapped,2,2,NCT03715426,parsers.R@2026-08-17 / outcomes@2026-09-10
category,Different identity,gender_diverse,mapped,2,2,NCT05372913,parsers.R@2026-08-17 / outcomes@2026-09-10
class,Different identity,gender_diverse,mapped,2,2,NCT05906784,parsers.R@2026-08-17 / outcomes@2026-09-10
class,Enrolled,,unrecognized,2,2,NCT02768727,parsers.R@2026-08-17 / outcomes@2026-09-10
class,Expansion Phase,,unrecognized,2,2,NCT01693562,parsers.R@2026-08-17 / outcomes@2026-09-10
category,F-F,,unrecognized,2,2,NCT02793544,parsers.R@2026-08-17 / outcomes@2026-09-10
category,F-M,,unrecognized,2,2,NCT02793544,parsers.R@2026-08-17 / outcomes@2026-09-10
class,Father,,structural_or_group,2,2,NCT03797898,parsers.R@2026-08-17 / outcomes@2026-09-10
category,Female (at birth),female,mapped,3,2,NCT05875974,parsers.R@2026-08-17 / outcomes@2026-09-10
category,"Female Donor, Female Recipient",female,mapped,2,2,NCT01106833,parsers.R@2026-08-17 / outcomes@2026-09-10
category,"Female Donor, Male Recipient",female,mapped,2,2,NCT01106833,parsers.R@2026-08-17 / outcomes@2026-09-10
class,Female gender,female,mapped,2,2,NCT06331403,parsers.R@2026-08-17 / outcomes@2026-09-10
class,Female patients,female,mapped,2,2,NCT05627596,parsers.R@2026-08-17 / outcomes@2026-09-10
class,Female sex,female,mapped,2,2,NCT04755283,parsers.R@2026-08-17 / outcomes@2026-09-10
class,Female to Male Transgender,ambiguous,mapped,2,2,NCT04672798,parsers.R@2026-08-17 / outcomes@2026-09-10
class,Full Analysis Set,,unrecognized,2,2,NCT03487445,parsers.R@2026-08-17 / outcomes@2026-09-10
class,GA28948 & GA28949 Pooled Population,,unrecognized,2,2,NCT02171429,parsers.R@2026-08-17 / outcomes@2026-09-10
class,Gay or Lesbian,,sexual_orientation,2,2,NCT03316911,parsers.R@2026-08-17 / outcomes@2026-09-10
class,Gay or lesbian,,sexual_orientation,2,2,NCT05897827,parsers.R@2026-08-17 / outcomes@2026-09-10
category,Gay/Homosexual,,sexual_orientation,2,2,NCT03213366,parsers.R@2026-08-17 / outcomes@2026-09-10
category,Gender Fluid,gender_diverse,mapped,2,2,NCT04757649,parsers.R@2026-08-17 / outcomes@2026-09-10
class,Gender Identification,,unrecognized,2,2,NCT04276935,parsers.R@2026-08-17 / outcomes@2026-09-10
class,Gender Identity : Other,gender_diverse,mapped,2,2,NCT05462652,parsers.R@2026-08-17 / outcomes@2026-09-10
category,Gender Non-Conforming,gender_diverse,mapped,2,2,NCT04757649,parsers.R@2026-08-17 / outcomes@2026-09-10
class,Gender Nonconforming,gender_diverse,mapped,2,2,NCT05080426,parsers.R@2026-08-17 / outcomes@2026-09-10
class,Gender Nonconforming/Gender Variant,gender_diverse,mapped,2,2,NCT04692077,parsers.R@2026-08-17 / outcomes@2026-09-10
category,Gender Nonconforming/Gender Variant,gender_diverse,mapped,2,2,NCT04047420,parsers.R@2026-08-17 / outcomes@2026-09-10
category,Gender fluid,gender_diverse,mapped,2,2,NCT03954535,parsers.R@2026-08-17 / outcomes@2026-09-10
category,Gender nonconforming,gender_diverse,mapped,2,2,NCT06487390,parsers.R@2026-08-17 / outcomes@2026-09-10
class,Gender queer,gender_diverse,mapped,2,2,NCT01327651,parsers.R@2026-08-17 / outcomes@2026-09-10
class,Gender unknown,unknown,mapped,2,2,NCT03225170,parsers.R@2026-08-17 / outcomes@2026-09-10
class,Genderfluid,gender_diverse,mapped,2,2,NCT04317274,parsers.R@2026-08-17 / outcomes@2026-09-10
class,Genderqueer/Gender Nonconforming,gender_diverse,mapped,2,2,NCT03316911,parsers.R@2026-08-17 / outcomes@2026-09-10
class,Girl/Woman,female,mapped,2,2,NCT05376358,parsers.R@2026-08-17 / outcomes@2026-09-10
class,Girls,female,mapped,2,2,NCT06017050,parsers.R@2026-08-17 / outcomes@2026-09-10
class,Global,,unrecognized,2,2,NCT03434379,parsers.R@2026-08-17 / outcomes@2026-09-10
class,Healthcare Workers,,unrecognized,2,2,NCT04088656,parsers.R@2026-08-17 / outcomes@2026-09-10
category,Heterosexual/Straight,,sexual_orientation,2,2,NCT03213366,parsers.R@2026-08-17 / outcomes@2026-09-10
class,ITT Population,,unrecognized,2,2,NCT03622593,parsers.R@2026-08-17 / outcomes@2026-09-10
class,Identified Patient,,unrecognized,2,2,NCT03846505,parsers.R@2026-08-17 / outcomes@2026-09-10
class,Induction Phase,,unrecognized,2,2,NCT02394028,parsers.R@2026-08-17 / outcomes@2026-09-10
class,Infant sex,,unrecognized,2,2,NCT02901665,parsers.R@2026-08-17 / outcomes@2026-09-10
class,Initial Treatment,,unrecognized,2,2,NCT03108495,parsers.R@2026-08-17 / outcomes@2026-09-10
class,Intervention (12 months),,unrecognized,2,2,NCT05423756,parsers.R@2026-08-17 / outcomes@2026-09-10
class,Kappa FLC Subtype,,unrecognized,2,2,NCT04504825,parsers.R@2026-08-17 / outcomes@2026-09-10
class,Lambda FLC Subtype,,unrecognized,2,2,NCT04504825,parsers.R@2026-08-17 / outcomes@2026-09-10
class,Lesbian or Gay,,sexual_orientation,2,2,NCT02459769,parsers.R@2026-08-17 / outcomes@2026-09-10
class,Lesbian or gay,,sexual_orientation,2,2,NCT05512949,parsers.R@2026-08-17 / outcomes@2026-09-10
category,M-F,,unrecognized,2,2,NCT02793544,parsers.R@2026-08-17 / outcomes@2026-09-10
category,M-M,,unrecognized,2,2,NCT02793544,parsers.R@2026-08-17 / outcomes@2026-09-10
class,Main,,unrecognized,2,2,NCT02333071,parsers.R@2026-08-17 / outcomes@2026-09-10
class,Main Study Phase,,unrecognized,2,2,NCT03970733,parsers.R@2026-08-17 / outcomes@2026-09-10
category,Male (at birth),male,mapped,3,2,NCT05875974,parsers.R@2026-08-17 / outcomes@2026-09-10
category,"Male Donor, Female Recipient",female,mapped,2,2,NCT01106833,parsers.R@2026-08-17 / outcomes@2026-09-10
category,"Male Donor, Male Recipient",male,mapped,2,2,NCT01106833,parsers.R@2026-08-17 / outcomes@2026-09-10
class,Male Gender,male,mapped,2,2,NCT02067039,parsers.R@2026-08-17 / outcomes@2026-09-10
class,Male gender,male,mapped,2,2,NCT01053741,parsers.R@2026-08-17 / outcomes@2026-09-10
category,Male only,male,mapped,2,2,NCT04550221,parsers.R@2026-08-17 / outcomes@2026-09-10
class,Male patients,male,mapped,2,2,NCT05627596,parsers.R@2026-08-17 / outcomes@2026-09-10
class,Male to Female Transgender,ambiguous,mapped,2,2,NCT03003403,parsers.R@2026-08-17 / outcomes@2026-09-10
class,Male/Female,female,mapped,2,2,NCT00916305,parsers.R@2026-08-17 / outcomes@2026-09-10
category,Males who have sex with Men,male,mapped,2,2,NCT05161689,parsers.R@2026-08-17 / outcomes@2026-09-10
class,Men who have sex with men,male,mapped,2,2,NCT00924898,parsers.R@2026-08-17 / outcomes@2026-09-10
class,Mild,,unrecognized,2,2,NCT00276094,parsers.R@2026-08-17 / outcomes@2026-09-10
category,Missing Data,unknown,mapped,2,2,NCT03523962,parsers.R@2026-08-17 / outcomes@2026-09-10
class,Missing value,unknown,mapped,2,2,NCT01663636,parsers.R@2026-08-17 / outcomes@2026-09-10
category,Missing/Unknown,unknown,mapped,2,2,NCT03959241,parsers.R@2026-08-17 / outcomes@2026-09-10
class,Moderate,,unrecognized,3,2,NCT00276094,parsers.R@2026-08-17 / outcomes@2026-09-10
category,Multiple,,structural_or_group,2,2,NCT04811664,parsers.R@2026-08-17 / outcomes@2026-09-10
class,Neonatal Sex,,unrecognized,2,2,NCT03631940,parsers.R@2026-08-17 / outcomes@2026-09-10
category,Never,,unrecognized,2,2,NCT05396014,parsers.R@2026-08-17 / outcomes@2026-09-10
class,No data,unknown,mapped,2,2,NCT03281200,parsers.R@2026-08-17 / outcomes@2026-09-10
category,No response,unknown,mapped,2,2,NCT03808883,parsers.R@2026-08-17 / outcomes@2026-09-10
class,Non Binary,gender_diverse,mapped,2,2,NCT04088097,parsers.R@2026-08-17 / outcomes@2026-09-10
class,Non binary,gender_diverse,mapped,2,2,NCT04233372,parsers.R@2026-08-17 / outcomes@2026-09-10
class,Non-Binary/Other,gender_diverse,mapped,2,2,NCT04567888,parsers.R@2026-08-17 / outcomes@2026-09-10
category,Non-binary or other,gender_diverse,mapped,2,2,NCT05227027,parsers.R@2026-08-17 / outcomes@2026-09-10
class,Non-binary/ Queer,gender_diverse,mapped,2,2,NCT04000399,parsers.R@2026-08-17 / outcomes@2026-09-10
class,Non-binary/Gender Diverse,gender_diverse,mapped,2,2,NCT05521321,parsers.R@2026-08-17 / outcomes@2026-09-10
category,None,,unrecognized,2,2,NCT03500172,parsers.R@2026-08-17 / outcomes@2026-09-10
class,Not available,unknown,mapped,2,2,NCT00770289,parsers.R@2026-08-17 / outcomes@2026-09-10
category,Not collected,unknown,mapped,2,2,NCT01272999,parsers.R@2026-08-17 / outcomes@2026-09-10
class,Number Prefer not to Answer,unknown,mapped,2,2,NCT04166591,parsers.R@2026-08-17 / outcomes@2026-09-10
class,OLE,,unrecognized,2,2,NCT02333071,parsers.R@2026-08-17 / outcomes@2026-09-10
category,Other Sexual Orientation,gender_diverse,mapped,2,2,NCT04757649,parsers.R@2026-08-17 / outcomes@2026-09-10
class,Other or unknown,unknown,mapped,2,2,NCT04939519,parsers.R@2026-08-17 / outcomes@2026-09-10
category,Other/Unknown,unknown,mapped,2,2,NCT04228965,parsers.R@2026-08-17 / outcomes@2026-09-10
class,Overall (All Randomized Participants),,unrecognized,2,2,NCT04504825,parsers.R@2026-08-17 / outcomes@2026-09-10
class,Overall Study,,unrecognized,2,2,NCT04104022,parsers.R@2026-08-17 / outcomes@2026-09-10
class,PP,,unrecognized,2,2,NCT06403605,parsers.R@2026-08-17 / outcomes@2026-09-10
class,Parent gender,,unrecognized,2,2,NCT01816074,parsers.R@2026-08-17 / outcomes@2026-09-10
class,Parent participants,,unrecognized,2,2,NCT03766906,parsers.R@2026-08-17 / outcomes@2026-09-10
class,Parents/Caregivers,,unrecognized,2,2,NCT03388294,parsers.R@2026-08-17 / outcomes@2026-09-10
class,Part I,,unrecognized,2,2,NCT02159066,parsers.R@2026-08-17 / outcomes@2026-09-10
class,Part II,,unrecognized,2,2,NCT02159066,parsers.R@2026-08-17 / outcomes@2026-09-10
class,Participants with dementia,,unrecognized,2,2,NCT04621448,parsers.R@2026-08-17 / outcomes@2026-09-10
class,Partners,,unrecognized,2,2,NCT02240485,parsers.R@2026-08-17 / outcomes@2026-09-10
class,Patient Participants,,unrecognized,2,2,NCT02328326,parsers.R@2026-08-17 / outcomes@2026-09-10
class,Per Protocol Set,,unrecognized,2,2,NCT03487445,parsers.R@2026-08-17 / outcomes@2026-09-10
class,Phase 1b,,unrecognized,2,2,NCT02795988,parsers.R@2026-08-17 / outcomes@2026-09-10
class,Physician,,unrecognized,2,2,NCT03658642,parsers.R@2026-08-17 / outcomes@2026-09-10
class,Prefer not to Answer,unknown,mapped,2,2,NCT03653390,parsers.R@2026-08-17 / outcomes@2026-09-10
class,Prefer to self-describe,gender_diverse,mapped,2,2,NCT04330365,parsers.R@2026-08-17 / outcomes@2026-09-10
class,Preschoolers,,unrecognized,2,2,NCT04164277,parsers.R@2026-08-17 / outcomes@2026-09-10
category,Questioning,gender_diverse,mapped,2,2,NCT03242954,parsers.R@2026-08-17 / outcomes@2026-09-10
class,Questioning or unsure,unknown,mapped,2,2,NCT04958694,parsers.R@2026-08-17 / outcomes@2026-09-10
class,Refused,unknown,mapped,2,2,NCT03683173,parsers.R@2026-08-17 / outcomes@2026-09-10
category,Refused to answer,unknown,mapped,2,2,NCT03624972,parsers.R@2026-08-17 / outcomes@2026-09-10
class,Refused/Missing,unknown,mapped,2,2,NCT05819086,parsers.R@2026-08-17 / outcomes@2026-09-10
class,Reported Gender,,unrecognized,2,2,NCT03565497,parsers.R@2026-08-17 / outcomes@2026-09-10
class,Retreatment,,unrecognized,2,2,NCT03108495,parsers.R@2026-08-17 / outcomes@2026-09-10
class,Severe,,unrecognized,3,2,NCT00276094,parsers.R@2026-08-17 / outcomes@2026-09-10
class,Sex Data for Participants Enrolled in Study mRNA-1273-P301,,unrecognized,2,2,NCT04796896,parsers.R@2026-08-17 / outcomes@2026-09-10
class,Sex of Child,,unrecognized,2,2,NCT03575884,parsers.R@2026-08-17 / outcomes@2026-09-10
class,Sex of Parent,,unrecognized,2,2,NCT03575884,parsers.R@2026-08-17 / outcomes@2026-09-10
class,"Sex, Male",male,mapped,2,2,NCT04660331,parsers.R@2026-08-17 / outcomes@2026-09-10
class,"Sex, female",female,mapped,2,2,NCT02572323,parsers.R@2026-08-17 / outcomes@2026-09-10
class,"Sex, male",male,mapped,2,2,NCT02572323,parsers.R@2026-08-17 / outcomes@2026-09-10
class,"Sex, n",,unrecognized,2,2,NCT01380990,parsers.R@2026-08-17 / outcomes@2026-09-10
class,Sex/gender unknown,unknown,mapped,2,2,NCT06046872,parsers.R@2026-08-17 / outcomes@2026-09-10
class,Sexual desire,,unrecognized,2,2,NCT00351819,parsers.R@2026-08-17 / outcomes@2026-09-10
class,Sexual satisfaction,,unrecognized,2,2,NCT00512707,parsers.R@2026-08-17 / outcomes@2026-09-10
class,Significant other,gender_diverse,mapped,2,2,NCT06756113,parsers.R@2026-08-17 / outcomes@2026-09-10
category,Something else,gender_diverse,mapped,2,2,NCT04762537,parsers.R@2026-08-17 / outcomes@2026-09-10
category,Sometimes,,unrecognized,2,2,NCT05396014,parsers.R@2026-08-17 / outcomes@2026-09-10
class,Straight or Heterosexual,,sexual_orientation,2,2,NCT03313310,parsers.R@2026-08-17 / outcomes@2026-09-10
category,Straight or Heterosexual,,sexual_orientation,2,2,NCT04278586,parsers.R@2026-08-17 / outcomes@2026-09-10
class,Substudy,,unrecognized,2,2,NCT05375929,parsers.R@2026-08-17 / outcomes@2026-09-10
class,Survivors,,unrecognized,2,2,NCT06517394,parsers.R@2026-08-17 / outcomes@2026-09-10
class,Teens,,unrecognized,2,2,NCT04317664,parsers.R@2026-08-17 / outcomes@2026-09-10
class,Trans,gender_diverse,mapped,2,2,NCT05521906,parsers.R@2026-08-17 / outcomes@2026-09-10
class,Trans Female/Trans Woman,ambiguous,mapped,2,2,NCT03316911,parsers.R@2026-08-17 / outcomes@2026-09-10
class,Trans Male/Trans Man,ambiguous,mapped,2,2,NCT03316911,parsers.R@2026-08-17 / outcomes@2026-09-10
category,Trans Man,ambiguous,mapped,2,2,NCT04757649,parsers.R@2026-08-17 / outcomes@2026-09-10
category,Trans Woman,ambiguous,mapped,2,2,NCT04757649,parsers.R@2026-08-17 / outcomes@2026-09-10
class,Trans female,ambiguous,mapped,2,2,NCT03838510,parsers.R@2026-08-17 / outcomes@2026-09-10
category,Transgender (Female to Male),ambiguous,mapped,2,2,NCT02567266,parsers.R@2026-08-17 / outcomes@2026-09-10
category,Transgender Man,ambiguous,mapped,2,2,NCT03464422,parsers.R@2026-08-17 / outcomes@2026-09-10
category,Transgender Men,ambiguous,mapped,4,2,NCT04620668,parsers.R@2026-08-17 / outcomes@2026-09-10
class,Transgender Spectrum,gender_diverse,mapped,2,2,NCT03512210,parsers.R@2026-08-17 / outcomes@2026-09-10
category,Transgender Woman,ambiguous,mapped,2,2,NCT04811664,parsers.R@2026-08-17 / outcomes@2026-09-10
class,Transgender Women,ambiguous,mapped,2,2,NCT04597190,parsers.R@2026-08-17 / outcomes@2026-09-10
category,Transgender Women,ambiguous,mapped,4,2,NCT04977583,parsers.R@2026-08-17 / outcomes@2026-09-10
category,Transgender male,ambiguous,mapped,2,2,NCT04974580,parsers.R@2026-08-17 / outcomes@2026-09-10
category,Transgender man,ambiguous,mapped,2,2,NCT04408469,parsers.R@2026-08-17 / outcomes@2026-09-10
category,Transgender women,ambiguous,mapped,2,2,NCT04050371,parsers.R@2026-08-17 / outcomes@2026-09-10
class,Transgender/Other,gender_diverse,mapped,2,2,NCT05467982,parsers.R@2026-08-17 / outcomes@2026-09-10
class,Transgender/non-binary,gender_diverse,mapped,2,2,NCT05180539,parsers.R@2026-08-17 / outcomes@2026-09-10
category,Transwoman,gender_diverse,mapped,2,2,NCT04269434,parsers.R@2026-08-17 / outcomes@2026-09-10
class,Treatment-Naive Population,,unrecognized,2,2,NCT03622593,parsers.R@2026-08-17 / outcomes@2026-09-10
class,Two-spirit,gender_diverse,mapped,2,2,NCT03751020,parsers.R@2026-08-17 / outcomes@2026-09-10
category,Undecided,,unrecognized,2,2,NCT03308097,parsers.R@2026-08-17 / outcomes@2026-09-10
class,United States,,unrecognized,2,2,NCT04924660,parsers.R@2026-08-17 / outcomes@2026-09-10
class,Unknown gender,unknown,mapped,2,2,NCT00426166,parsers.R@2026-08-17 / outcomes@2026-09-10
class,Unknown/Unreported,unknown,mapped,2,2,NCT05305443,parsers.R@2026-08-17 / outcomes@2026-09-10
class,White,,structural_or_group,2,2,NCT01316887,parsers.R@2026-08-17 / outcomes@2026-09-10
class,Youth Sex Demographics,,unrecognized,2,2,NCT04506437,parsers.R@2026-08-17 / outcomes@2026-09-10
class,adolescents,,unrecognized,2,2,NCT02693665,parsers.R@2026-08-17 / outcomes@2026-09-10
class,any gender,,structural_or_group,2,2,NCT00138073,parsers.R@2026-08-17 / outcomes@2026-09-10
class,cisgender man,ambiguous,mapped,2,2,NCT05471349,parsers.R@2026-08-17 / outcomes@2026-09-10
class,females,female,mapped,2,2,NCT01280617,parsers.R@2026-08-17 / outcomes@2026-09-10
class,men,male,mapped,2,2,NCT05199467,parsers.R@2026-08-17 / outcomes@2026-09-10
class,non-binary,gender_diverse,mapped,2,2,NCT04602741,parsers.R@2026-08-17 / outcomes@2026-09-10
category,not reported,unknown,mapped,2,2,NCT03898063,parsers.R@2026-08-17 / outcomes@2026-09-10
class,number of participants,,structural_or_group,2,2,NCT01196533,parsers.R@2026-08-17 / outcomes@2026-09-10
category,other,gender_diverse,mapped,2,2,NCT04573972,parsers.R@2026-08-17 / outcomes@2026-09-10
class,patients,,structural_or_group,2,2,NCT03046121,parsers.R@2026-08-17 / outcomes@2026-09-10
class,transgender woman,ambiguous,mapped,2,2,NCT05471349,parsers.R@2026-08-17 / outcomes@2026-09-10
class,unreported,unknown,mapped,2,2,NCT00684320,parsers.R@2026-08-17 / outcomes@2026-09-10
class,women,female,mapped,2,2,NCT01722097,parsers.R@2026-08-17 / outcomes@2026-09-10
class,% Female Sex,female,mapped,1,1,NCT01868334,parsers.R@2026-08-17 / outcomes@2026-09-10
category,0,,unrecognized,1,1,NCT00865566,parsers.R@2026-08-17 / outcomes@2026-09-10
class,0 Criteria,,unrecognized,1,1,NCT03313310,parsers.R@2026-08-17 / outcomes@2026-09-10
category,0-1,,unrecognized,1,1,NCT03741725,parsers.R@2026-08-17 / outcomes@2026-09-10
class,0-1 partners,,unrecognized,1,1,NCT01617096,parsers.R@2026-08-17 / outcomes@2026-09-10
class,0-24h,,unrecognized,1,1,NCT00551616,parsers.R@2026-08-17 / outcomes@2026-09-10
class,1,,unrecognized,1,1,NCT00223080,parsers.R@2026-08-17 / outcomes@2026-09-10
class,1 Criterion,,unrecognized,1,1,NCT03313310,parsers.R@2026-08-17 / outcomes@2026-09-10
category,1 partner,,unrecognized,1,1,NCT02498067,parsers.R@2026-08-17 / outcomes@2026-09-10
class,1-<6 years,,unrecognized,1,1,NCT03376516,parsers.R@2026-08-17 / outcomes@2026-09-10
class,11-14 year olds,,unrecognized,1,1,NCT04587167,parsers.R@2026-08-17 / outcomes@2026-09-10
class,12 month Survey Participants,,unrecognized,1,1,NCT05416372,parsers.R@2026-08-17 / outcomes@2026-09-10
class,1200 mg/d HCQ,,unrecognized,1,1,NCT01550367,parsers.R@2026-08-17 / outcomes@2026-09-10
class,14 or Less (Years),,unrecognized,1,1,NCT01192282,parsers.R@2026-08-17 / outcomes@2026-09-10
class,149,,unrecognized,1,1,NCT06358820,parsers.R@2026-08-17 / outcomes@2026-09-10
class,15 - 19 (Years),,unrecognized,1,1,NCT01192282,parsers.R@2026-08-17 / outcomes@2026-09-10
class,15-17 year olds,,unrecognized,1,1,NCT04587167,parsers.R@2026-08-17 / outcomes@2026-09-10
class,16-Week Dose-finding Safety Part,,unrecognized,1,1,NCT02587325,parsers.R@2026-08-17 / outcomes@2026-09-10
class,2 Criteria,,unrecognized,1,1,NCT03313310,parsers.R@2026-08-17 / outcomes@2026-09-10
class,2 or 3 times a month,,unrecognized,1,1,NCT00635570,parsers.R@2026-08-17 / outcomes@2026-09-10
class,2 or 3 times a week,,unrecognized,1,1,NCT00635570,parsers.R@2026-08-17 / outcomes@2026-09-10
category,2 partners,,unrecognized,1,1,NCT02498067,parsers.R@2026-08-17 / outcomes@2026-09-10
class,2. Child Gender:,,unrecognized,1,1,NCT03753542,parsers.R@2026-08-17 / outcomes@2026-09-10
class,20 and Above (Years),,unrecognized,1,1,NCT01192282,parsers.R@2026-08-17 / outcomes@2026-09-10
class,2007 Female,female,mapped,1,1,NCT00396409,parsers.R@2026-08-17 / outcomes@2026-09-10
class,2007 Male,male,mapped,1,1,NCT00396409,parsers.R@2026-08-17 / outcomes@2026-09-10
class,2008 Female,female,mapped,1,1,NCT00396409,parsers.R@2026-08-17 / outcomes@2026-09-10
class,2008 Male,male,mapped,1,1,NCT00396409,parsers.R@2026-08-17 / outcomes@2026-09-10
class,21 - 50 years,,unrecognized,1,1,NCT04911296,parsers.R@2026-08-17 / outcomes@2026-09-10
class,25-48h,,unrecognized,1,1,NCT00551616,parsers.R@2026-08-17 / outcomes@2026-09-10
category,3,,unrecognized,1,1,NCT01234103,parsers.R@2026-08-17 / outcomes@2026-09-10
class,3 Criteria,,unrecognized,1,1,NCT03313310,parsers.R@2026-08-17 / outcomes@2026-09-10
category,3 partners,,unrecognized,1,1,NCT02498067,parsers.R@2026-08-17 / outcomes@2026-09-10
category,3-4,,unrecognized,1,1,NCT00865566,parsers.R@2026-08-17 / outcomes@2026-09-10
class,32-Week Optional Extension Part,,structural_or_group,1,1,NCT02587325,parsers.R@2026-08-17 / outcomes@2026-09-10
category,4 partners,,unrecognized,1,1,NCT02498067,parsers.R@2026-08-17 / outcomes@2026-09-10
class,4+ Criteria,,unrecognized,1,1,NCT03313310,parsers.R@2026-08-17 / outcomes@2026-09-10
class,49-72h,,unrecognized,1,1,NCT00551616,parsers.R@2026-08-17 / outcomes@2026-09-10
category,5 or more,,unrecognized,1,1,NCT00865566,parsers.R@2026-08-17 / outcomes@2026-09-10
category,5+ partners,,unrecognized,1,1,NCT02498067,parsers.R@2026-08-17 / outcomes@2026-09-10
class,51 - 65 years,,unrecognized,1,1,NCT04911296,parsers.R@2026-08-17 / outcomes@2026-09-10
class,6-<12 years,,unrecognized,1,1,NCT03376516,parsers.R@2026-08-17 / outcomes@2026-09-10
class,600 mg/d HCQ,,unrecognized,1,1,NCT01550367,parsers.R@2026-08-17 / outcomes@2026-09-10
class,603A: 0-12 Week Study Period,,unrecognized,1,1,NCT03514641,parsers.R@2026-08-17 / outcomes@2026-09-10
class,603B: 12-36 Week Study Period,,unrecognized,1,1,NCT03514641,parsers.R@2026-08-17 / outcomes@2026-09-10
class,66 - 75 years,,unrecognized,1,1,NCT04911296,parsers.R@2026-08-17 / outcomes@2026-09-10
class,73-96h,,unrecognized,1,1,NCT00551616,parsers.R@2026-08-17 / outcomes@2026-09-10
class,97-120h,,unrecognized,1,1,NCT00551616,parsers.R@2026-08-17 / outcomes@2026-09-10
class,> 1,,unrecognized,1,1,NCT00223080,parsers.R@2026-08-17 / outcomes@2026-09-10
class,>120h,,unrecognized,1,1,NCT00551616,parsers.R@2026-08-17 / outcomes@2026-09-10
class,>2,,unrecognized,1,1,NCT01617096,parsers.R@2026-08-17 / outcomes@2026-09-10
class,>= 65 years,,unrecognized,1,1,NCT00985010,parsers.R@2026-08-17 / outcomes@2026-09-10
class,ABI mild risk,,unrecognized,1,1,NCT03161327,parsers.R@2026-08-17 / outcomes@2026-09-10
class,ABI moderate risk,,unrecognized,1,1,NCT03161327,parsers.R@2026-08-17 / outcomes@2026-09-10
class,ABI severe risk,,unrecognized,1,1,NCT03161327,parsers.R@2026-08-17 / outcomes@2026-09-10
category,ADDITIONAL IDENTITY,gender_diverse,mapped,1,1,NCT04804072,parsers.R@2026-08-17 / outcomes@2026-09-10
class,ADHD,,unrecognized,1,1,NCT01943539,parsers.R@2026-08-17 / outcomes@2026-09-10
class,ADU-ER (G5) Arm/Group,,structural_or_group,1,1,NCT02698371,parsers.R@2026-08-17 / outcomes@2026-09-10
class,ADU-SE (G6) Arm/Group,,structural_or_group,1,1,NCT02698371,parsers.R@2026-08-17 / outcomes@2026-09-10
class,AIN457 in Treatment Period 1 - JIA Category: ERA,,unrecognized,1,1,NCT03031782,parsers.R@2026-08-17 / outcomes@2026-09-10
class,AIN457 in Treatment Period 1 -JIA Category: JPsA,,unrecognized,1,1,NCT03031782,parsers.R@2026-08-17 / outcomes@2026-09-10
class,AIN457 in Treatment Period 2 - JIA Category: ERA,,unrecognized,1,1,NCT03031782,parsers.R@2026-08-17 / outcomes@2026-09-10
class,AIN457 in Treatment Period 2 -JIA Category: JPsA,,unrecognized,1,1,NCT03031782,parsers.R@2026-08-17 / outcomes@2026-09-10
class,AL Residents (Primary),,unrecognized,1,1,NCT03892200,parsers.R@2026-08-17 / outcomes@2026-09-10
class,AL Staff at 4-Months (Secondary),,unrecognized,1,1,NCT03892200,parsers.R@2026-08-17 / outcomes@2026-09-10
class,AL Staff at 8-Months (Secondary),,unrecognized,1,1,NCT03892200,parsers.R@2026-08-17 / outcomes@2026-09-10
class,AL Staff at Baseline (Secondary),,unrecognized,1,1,NCT03892200,parsers.R@2026-08-17 / outcomes@2026-09-10
class,AML Cohort,,structural_or_group,1,1,NCT02775903,parsers.R@2026-08-17 / outcomes@2026-09-10
class,AYA,,unrecognized,1,1,NCT06191679,parsers.R@2026-08-17 / outcomes@2026-09-10
class,AYA living with HIV,,unrecognized,1,1,NCT03758066,parsers.R@2026-08-17 / outcomes@2026-09-10
class,Abol Field Station,,unrecognized,1,1,NCT00223990,parsers.R@2026-08-17 / outcomes@2026-09-10
category,About half the time,,unrecognized,1,1,NCT05161689,parsers.R@2026-08-17 / outcomes@2026-09-10
class,Absent,,unrecognized,1,1,NCT03332303,parsers.R@2026-08-17 / outcomes@2026-09-10
class,According to Group,,unrecognized,1,1,NCT05253573,parsers.R@2026-08-17 / outcomes@2026-09-10
class,Ace/Asexual,,sexual_orientation,1,1,NCT05393869,parsers.R@2026-08-17 / outcomes@2026-09-10
class,"Active Phase, Female",female,mapped,1,1,NCT00603733,parsers.R@2026-08-17 / outcomes@2026-09-10
class,"Active Phase, Male",male,mapped,1,1,NCT00603733,parsers.R@2026-08-17 / outcomes@2026-09-10
class,Acute,,unrecognized,1,1,NCT02522429,parsers.R@2026-08-17 / outcomes@2026-09-10
class,Acute Phase Randomization,,unrecognized,1,1,NCT03266016,parsers.R@2026-08-17 / outcomes@2026-09-10
class,Add-on Phase,,unrecognized,1,1,NCT04676529,parsers.R@2026-08-17 / outcomes@2026-09-10
category,Additional Category,,unrecognized,1,1,NCT04047420,parsers.R@2026-08-17 / outcomes@2026-09-10
category,Additional Identification,gender_diverse,mapped,1,1,NCT05720897,parsers.R@2026-08-17 / outcomes@2026-09-10
class,Additional sex or gender,gender_diverse,mapped,1,1,NCT04163341,parsers.R@2026-08-17 / outcomes@2026-09-10
class,Adhesive Capsulitis Population,,unrecognized,1,1,NCT04160091,parsers.R@2026-08-17 / outcomes@2026-09-10
class,Adolescent Non-Binary,gender_diverse,mapped,1,1,NCT05714943,parsers.R@2026-08-17 / outcomes@2026-09-10
class,Adolescent girls and young women,female,mapped,1,1,NCT02735642,parsers.R@2026-08-17 / outcomes@2026-09-10
class,Adolescent participants,,unrecognized,1,1,NCT05879198,parsers.R@2026-08-17 / outcomes@2026-09-10
class,Adult Caregiver Participants,,unrecognized,1,1,NCT06012851,parsers.R@2026-08-17 / outcomes@2026-09-10
class,Adult Children,,unrecognized,1,1,NCT05150990,parsers.R@2026-08-17 / outcomes@2026-09-10
class,Adult Clinic Patients Eligible for CRC Screening Post-Implementation,,unrecognized,1,1,NCT03843957,parsers.R@2026-08-17 / outcomes@2026-09-10
class,Adult Female,female,mapped,1,1,NCT02678455,parsers.R@2026-08-17 / outcomes@2026-09-10
class,Adult Inpatients With Community Acquired Pneumonia,,unrecognized,1,1,NCT06027593,parsers.R@2026-08-17 / outcomes@2026-09-10
class,Adult Male,male,mapped,1,1,NCT02678455,parsers.R@2026-08-17 / outcomes@2026-09-10
class,Adult Outpatients With Pharyngitis,,unrecognized,1,1,NCT06027593,parsers.R@2026-08-17 / outcomes@2026-09-10
class,Adult participants,,unrecognized,1,1,NCT05358444,parsers.R@2026-08-17 / outcomes@2026-09-10
class,Adult participants reporting sex,,unrecognized,1,1,NCT05879198,parsers.R@2026-08-17 / outcomes@2026-09-10
class,Adult/parent participants,,unrecognized,1,1,NCT02029976,parsers.R@2026-08-17 / outcomes@2026-09-10
class,African American/African Heritage (HER),,structural_or_group,1,1,NCT01316887,parsers.R@2026-08-17 / outcomes@2026-09-10
class,Age at first intercourse <16 years,,unrecognized,1,1,NCT03058835,parsers.R@2026-08-17 / outcomes@2026-09-10
class,Age of Female Subjects,female,mapped,1,1,NCT02269709,parsers.R@2026-08-17 / outcomes@2026-09-10
class,Age of Male Subjects,male,mapped,1,1,NCT02269709,parsers.R@2026-08-17 / outcomes@2026-09-10
class,Agender,gender_diverse,mapped,1,1,NCT04498143,parsers.R@2026-08-17 / outcomes@2026-09-10
class,Ages 50 to 64 years: Female,female,mapped,1,1,NCT02117570,parsers.R@2026-08-17 / outcomes@2026-09-10
class,Ages 50 to 64 years: Male,male,mapped,1,1,NCT02117570,parsers.R@2026-08-17 / outcomes@2026-09-10
class,Ages 65 to 85 years: Female,female,mapped,1,1,NCT02117570,parsers.R@2026-08-17 / outcomes@2026-09-10
class,Ages 65 to 85 years: Male,male,mapped,1,1,NCT02117570,parsers.R@2026-08-17 / outcomes@2026-09-10
class,Aggressive subtype,,unrecognized,1,1,NCT00464620,parsers.R@2026-08-17 / outcomes@2026-09-10
category,Agree,,unrecognized,1,1,NCT03808883,parsers.R@2026-08-17 / outcomes@2026-09-10
class,Aim 1: Key Informant Interviews,,unrecognized,1,1,NCT04188041,parsers.R@2026-08-17 / outcomes@2026-09-10
class,Aim 2: RI LTBI ECHO Participants,,unrecognized,1,1,NCT04188041,parsers.R@2026-08-17 / outcomes@2026-09-10
class,Aim 3: Retrospective Chart Review,,unrecognized,1,1,NCT04188041,parsers.R@2026-08-17 / outcomes@2026-09-10
class,Alinity s Anti-HBc Gender,,unrecognized,1,1,NCT03285295,parsers.R@2026-08-17 / outcomes@2026-09-10
class,Alinity s Anti-HCV Gender,,unrecognized,1,1,NCT03285295,parsers.R@2026-08-17 / outcomes@2026-09-10
class,Alinity s Chagas Gender,,unrecognized,1,1,NCT03285295,parsers.R@2026-08-17 / outcomes@2026-09-10
class,Alinity s HBsAg Gender,,unrecognized,1,1,NCT03285295,parsers.R@2026-08-17 / outcomes@2026-09-10
class,Alinity s HIV Ag/Ab Combo Gender,,unrecognized,1,1,NCT03285295,parsers.R@2026-08-17 / outcomes@2026-09-10
class,Alinity s HTLV I/II Gender,,unrecognized,1,1,NCT03285295,parsers.R@2026-08-17 / outcomes@2026-09-10
class,"Alkyl nitrites (Rush, poppers)",,unrecognized,1,1,NCT06187415,parsers.R@2026-08-17 / outcomes@2026-09-10
class,All,,structural_or_group,1,1,NCT05216835,parsers.R@2026-08-17 / outcomes@2026-09-10
category,All,,structural_or_group,1,1,NCT03907969,parsers.R@2026-08-17 / outcomes@2026-09-10
class,All Cohorts Except 15E,,unrecognized,1,1,NCT04889209,parsers.R@2026-08-17 / outcomes@2026-09-10
class,All Cohorts except Part 2-Arm C-Cohort 5,,structural_or_group,1,1,NCT03184870,parsers.R@2026-08-17 / outcomes@2026-09-10
class,All Countries,,unrecognized,1,1,NCT04924660,parsers.R@2026-08-17 / outcomes@2026-09-10
class,All Genders,,structural_or_group,1,1,NCT02968758,parsers.R@2026-08-17 / outcomes@2026-09-10
class,All Participants at Randomization,,unrecognized,1,1,NCT00038727,parsers.R@2026-08-17 / outcomes@2026-09-10
class,All Parts Excluding Part A.2 and Parts J,,unrecognized,1,1,NCT04927065,parsers.R@2026-08-17 / outcomes@2026-09-10
class,All Patients,,unrecognized,1,1,NCT03043872,parsers.R@2026-08-17 / outcomes@2026-09-10
class,All RCC participants,,unrecognized,1,1,NCT05363072,parsers.R@2026-08-17 / outcomes@2026-09-10
class,All Sites,,unrecognized,1,1,NCT04124471,parsers.R@2026-08-17 / outcomes@2026-09-10
class,All Subjects,,unrecognized,1,1,NCT02844439,parsers.R@2026-08-17 / outcomes@2026-09-10
class,All female,female,mapped,1,1,NCT02038023,parsers.R@2026-08-17 / outcomes@2026-09-10
class,All genders,,structural_or_group,1,1,NCT04540835,parsers.R@2026-08-17 / outcomes@2026-09-10
class,All in- and outpatients in 2015,,unrecognized,1,1,NCT04903496,parsers.R@2026-08-17 / outcomes@2026-09-10
class,All in- and outpatients in 2017,,unrecognized,1,1,NCT04903496,parsers.R@2026-08-17 / outcomes@2026-09-10
class,All in- and outpatients in 2019,,unrecognized,1,1,NCT04903496,parsers.R@2026-08-17 / outcomes@2026-09-10
class,All participants were female,female,mapped,1,1,NCT04697264,parsers.R@2026-08-17 / outcomes@2026-09-10
class,All patients and clinicians,,unrecognized,1,1,NCT02340767,parsers.R@2026-08-17 / outcomes@2026-09-10
class,All patients at risk for PAD,,unrecognized,1,1,NCT03161327,parsers.R@2026-08-17 / outcomes@2026-09-10
class,All patients with ICI primary and secondary resistance,,unrecognized,1,1,NCT02654587,parsers.R@2026-08-17 / outcomes@2026-09-10
class,All randomized participants,,unrecognized,1,1,NCT02711553,parsers.R@2026-08-17 / outcomes@2026-09-10
class,All randomized participants who received at least 1 dose of study drug,,unrecognized,1,1,NCT02711553,parsers.R@2026-08-17 / outcomes@2026-09-10
class,All study participants,,unrecognized,1,1,NCT01833988,parsers.R@2026-08-17 / outcomes@2026-09-10
class,All subjects,,unrecognized,1,1,NCT03905330,parsers.R@2026-08-17 / outcomes@2026-09-10
category,Always,,unrecognized,1,1,NCT03741725,parsers.R@2026-08-17 / outcomes@2026-09-10
class,Always discuss HIV with partners :,,unrecognized,1,1,NCT03058835,parsers.R@2026-08-17 / outcomes@2026-09-10
class,Alzheimer's Disease,,unrecognized,1,1,NCT04057807,parsers.R@2026-08-17 / outcomes@2026-09-10
class,Anal Intercourse with 3 or More Male Partners,male,mapped,1,1,NCT03313310,parsers.R@2026-08-17 / outcomes@2026-09-10
class,Anal Intercourse with Condom Failure,,unrecognized,1,1,NCT03313310,parsers.R@2026-08-17 / outcomes@2026-09-10
class,Anal sex,,unrecognized,1,1,NCT04233372,parsers.R@2026-08-17 / outcomes@2026-09-10
class,Anal sex with a condom,,unrecognized,1,1,NCT02248558,parsers.R@2026-08-17 / outcomes@2026-09-10
class,Analyzed participants,,unrecognized,1,1,NCT01450943,parsers.R@2026-08-17 / outcomes@2026-09-10
class,Androgynous,gender_diverse,mapped,1,1,NCT04498143,parsers.R@2026-08-17 / outcomes@2026-09-10
class,Another Gender,gender_diverse,mapped,1,1,NCT05849051,parsers.R@2026-08-17 / outcomes@2026-09-10
category,"Another category (transgender, genderqueer, bigender, agender)",gender_diverse,mapped,1,1,NCT05150860,parsers.R@2026-08-17 / outcomes@2026-09-10
category,Another description,gender_diverse,mapped,1,1,NCT06290180,parsers.R@2026-08-17 / outcomes@2026-09-10
category,Another gender,gender_diverse,mapped,1,1,NCT04643964,parsers.R@2026-08-17 / outcomes@2026-09-10
class,Another gender,gender_diverse,mapped,1,1,NCT03539900,parsers.R@2026-08-17 / outcomes@2026-09-10
class,Another gender identity,gender_diverse,mapped,1,1,NCT04223687,parsers.R@2026-08-17 / outcomes@2026-09-10
category,Another gender identity,gender_diverse,mapped,1,1,NCT04742491,parsers.R@2026-08-17 / outcomes@2026-09-10
class,Anxiety Patients,,unrecognized,1,1,NCT00055224,parsers.R@2026-08-17 / outcomes@2026-09-10
class,Any female dyspareunia reported,female,mapped,1,1,NCT01262573,parsers.R@2026-08-17 / outcomes@2026-09-10
class,Any male dyspareunia reported,male,mapped,1,1,NCT01262573,parsers.R@2026-08-17 / outcomes@2026-09-10
class,Any recent or concurrent sexually transmitted infection,,unrecognized,1,1,NCT05965427,parsers.R@2026-08-17 / outcomes@2026-09-10
class,Any sex/gender,,unrecognized,1,1,NCT06561217,parsers.R@2026-08-17 / outcomes@2026-09-10
class,Apneic Threshold & CO2 Reserve Analysis Population,,unrecognized,1,1,NCT00732199,parsers.R@2026-08-17 / outcomes@2026-09-10
class,Approximately once a week,,unrecognized,1,1,NCT00635570,parsers.R@2026-08-17 / outcomes@2026-09-10
class,Apremilast Sub-protocol,,unrecognized,1,1,NCT04590586,parsers.R@2026-08-17 / outcomes@2026-09-10
class,Arbour Trails,,unrecognized,1,1,NCT04037436,parsers.R@2026-08-17 / outcomes@2026-09-10
class,Arm 1,,structural_or_group,1,1,NCT00074308,parsers.R@2026-08-17 / outcomes@2026-09-10
class,Arm A- female,female,mapped,1,1,NCT04147234,parsers.R@2026-08-17 / outcomes@2026-09-10
class,Arm A- male,male,mapped,1,1,NCT04147234,parsers.R@2026-08-17 / outcomes@2026-09-10
class,Arm B- female,female,mapped,1,1,NCT04147234,parsers.R@2026-08-17 / outcomes@2026-09-10
class,Arm B- male,male,mapped,1,1,NCT04147234,parsers.R@2026-08-17 / outcomes@2026-09-10
class,As-Treated Set 1,,unrecognized,1,1,NCT06042049,parsers.R@2026-08-17 / outcomes@2026-09-10
class,As-Treated Set 2,,unrecognized,1,1,NCT06042049,parsers.R@2026-08-17 / outcomes@2026-09-10
class,Assessment and Teach Back,,unrecognized,1,1,NCT02354482,parsers.R@2026-08-17 / outcomes@2026-09-10
class,Assigned Sex at Birth,,unrecognized,1,1,NCT04743908,parsers.R@2026-08-17 / outcomes@2026-09-10
class,Assigned female sex,female,mapped,1,1,NCT03714880,parsers.R@2026-08-17 / outcomes@2026-09-10
class,Assigned male sex at birth,male,mapped,1,1,NCT04413708,parsers.R@2026-08-17 / outcomes@2026-09-10
class,Attendees at workshops where group was perceived by educators to be approximately evenly male/female,female,mapped,1,1,NCT03645590,parsers.R@2026-08-17 / outcomes@2026-09-10
class,Attendees at workshops where group was perceived by educators to be mostly female,female,mapped,1,1,NCT03645590,parsers.R@2026-08-17 / outcomes@2026-09-10
class,Attendees at workshops where group was perceived by educators to be mostly male,male,mapped,1,1,NCT03645590,parsers.R@2026-08-17 / outcomes@2026-09-10
class,Attitudes,,unrecognized,1,1,NCT06487390,parsers.R@2026-08-17 / outcomes@2026-09-10
class,Authors who provided complete IPD,,unrecognized,1,1,NCT02569411,parsers.R@2026-08-17 / outcomes@2026-09-10
class,Average % Female,female,mapped,1,1,NCT00975923,parsers.R@2026-08-17 / outcomes@2026-09-10
class,BDC-UColorado,,unrecognized,1,1,NCT03369067,parsers.R@2026-08-17 / outcomes@2026-09-10
category,BISEXUAL,,sexual_orientation,1,1,NCT04804072,parsers.R@2026-08-17 / outcomes@2026-09-10
class,BMI group 1,,unrecognized,1,1,NCT01378299,parsers.R@2026-08-17 / outcomes@2026-09-10
class,BMI group 2,,unrecognized,1,1,NCT01378299,parsers.R@2026-08-17 / outcomes@2026-09-10
class,BMI group 3,,unrecognized,1,1,NCT01378299,parsers.R@2026-08-17 / outcomes@2026-09-10
class,Bar-Korwa Field Station,,unrecognized,1,1,NCT00223990,parsers.R@2026-08-17 / outcomes@2026-09-10
class,Baricitinib 2mg Initial Study,,unrecognized,1,1,NCT05188521,parsers.R@2026-08-17 / outcomes@2026-09-10
class,Baricitinib 4mg Extension Study,,structural_or_group,1,1,NCT05188521,parsers.R@2026-08-17 / outcomes@2026-09-10
class,Barriers,,unrecognized,1,1,NCT06487390,parsers.R@2026-08-17 / outcomes@2026-09-10
class,Baseline (Phase 1),,unrecognized,1,1,NCT03737383,parsers.R@2026-08-17 / outcomes@2026-09-10
class,Baseline (Phase 2),,unrecognized,1,1,NCT03737383,parsers.R@2026-08-17 / outcomes@2026-09-10
class,Baseline Period,,unrecognized,1,1,NCT03599557,parsers.R@2026-08-17 / outcomes@2026-09-10
class,Baseline Period Sex,,unrecognized,1,1,NCT01070095,parsers.R@2026-08-17 / outcomes@2026-09-10
class,Baseline Providers,,unrecognized,1,1,NCT05328648,parsers.R@2026-08-17 / outcomes@2026-09-10
class,Baseline Survey Participants,,unrecognized,1,1,NCT05416372,parsers.R@2026-08-17 / outcomes@2026-09-10
class,Baseline Women,female,mapped,1,1,NCT05328648,parsers.R@2026-08-17 / outcomes@2026-09-10
class,Between 18 and 65 years,,unrecognized,1,1,NCT00985010,parsers.R@2026-08-17 / outcomes@2026-09-10
class,Bi-Sexual,,unrecognized,1,1,NCT03277794,parsers.R@2026-08-17 / outcomes@2026-09-10
class,BiRD Phase,,unrecognized,1,1,NCT01559935,parsers.R@2026-08-17 / outcomes@2026-09-10
class,Bigender,gender_diverse,mapped,1,1,NCT05534061,parsers.R@2026-08-17 / outcomes@2026-09-10
class,Biological Sex,,unrecognized,1,1,NCT04419168,parsers.R@2026-08-17 / outcomes@2026-09-10
class,Birth sex - Female,female,mapped,1,1,NCT03801174,parsers.R@2026-08-17 / outcomes@2026-09-10
category,Bisexual / Pansexual,,sexual_orientation,1,1,NCT06213883,parsers.R@2026-08-17 / outcomes@2026-09-10
class,Bisexual Male,,sexual_orientation,1,1,NCT05029362,parsers.R@2026-08-17 / outcomes@2026-09-10
class,Bisexual female,,sexual_orientation,1,1,NCT05029362,parsers.R@2026-08-17 / outcomes@2026-09-10
category,"Bisexual, pansexual",,sexual_orientation,1,1,NCT06281171,parsers.R@2026-08-17 / outcomes@2026-09-10
category,Bisexual/Other,gender_diverse,mapped,1,1,NCT03577301,parsers.R@2026-08-17 / outcomes@2026-09-10
category,Bisexual/Pansexual,,sexual_orientation,1,1,NCT04584294,parsers.R@2026-08-17 / outcomes@2026-09-10
class,Blood Pressure and Lipid Studies,,unrecognized,1,1,NCT00542178,parsers.R@2026-08-17 / outcomes@2026-09-10
class,Blood contact/exchange,,unrecognized,1,1,NCT04233372,parsers.R@2026-08-17 / outcomes@2026-09-10
class,Booster Period Month 49,,unrecognized,1,1,NCT00955682,parsers.R@2026-08-17 / outcomes@2026-09-10
class,Booster Phase: Placebo,,unrecognized,1,1,NCT03970733,parsers.R@2026-08-17 / outcomes@2026-09-10
class,Booster Phase: VLA15 with Alum higher dose,,unrecognized,1,1,NCT03970733,parsers.R@2026-08-17 / outcomes@2026-09-10
category,Both,,structural_or_group,1,1,NCT04363320,parsers.R@2026-08-17 / outcomes@2026-09-10
class,Both,,structural_or_group,1,1,NCT04148508,parsers.R@2026-08-17 / outcomes@2026-09-10
class,Both Male and Female,female,mapped,1,1,NCT03670355,parsers.R@2026-08-17 / outcomes@2026-09-10
class,Both genders,,structural_or_group,1,1,NCT01365091,parsers.R@2026-08-17 / outcomes@2026-09-10
class,Both male or female,female,mapped,1,1,NCT01650584,parsers.R@2026-08-17 / outcomes@2026-09-10
category,Both men and women,female,mapped,1,1,NCT01161446,parsers.R@2026-08-17 / outcomes@2026-09-10
class,Bovine Thrombin,,unrecognized,1,1,NCT02014402,parsers.R@2026-08-17 / outcomes@2026-09-10
class,Boy,male,mapped,1,1,NCT03489434,parsers.R@2026-08-17 / outcomes@2026-09-10
category,Boy/Man,male,mapped,1,1,NCT06425458,parsers.R@2026-08-17 / outcomes@2026-09-10
category,Boy/Young man,male,mapped,1,1,NCT03852550,parsers.R@2026-08-17 / outcomes@2026-09-10
class,Boy/man,male,mapped,1,1,NCT05781503,parsers.R@2026-08-17 / outcomes@2026-09-10
class,Brazil,,unrecognized,1,1,NCT04924660,parsers.R@2026-08-17 / outcomes@2026-09-10
class,Brief Hyperoxia Response Analysis Population,,unrecognized,1,1,NCT00732199,parsers.R@2026-08-17 / outcomes@2026-09-10
class,Broken condom,,unrecognized,1,1,NCT04233372,parsers.R@2026-08-17 / outcomes@2026-09-10
class,"Bronchiolitis patients (Active Deimplementation Phase, for primary outcome)",,unrecognized,1,1,NCT05132322,parsers.R@2026-08-17 / outcomes@2026-09-10
class,"Bronchiolitis patients (Baseline Phase, for primary outcome)",,unrecognized,1,1,NCT05132322,parsers.R@2026-08-17 / outcomes@2026-09-10
class,"Bronchiolitis patients (Exploratory Phase, for exploratory outcomes)",,unrecognized,1,1,NCT05132322,parsers.R@2026-08-17 / outcomes@2026-09-10
class,"Bronchiolitis patients (Sustainment Phase, for primary outcome)",,unrecognized,1,1,NCT05132322,parsers.R@2026-08-17 / outcomes@2026-09-10
class,CAI with HIV+ Male Partner,male,mapped,1,1,NCT03313310,parsers.R@2026-08-17 / outcomes@2026-09-10
class,CAI with Male Partner of Unknown HIV Status,unknown,mapped,1,1,NCT03313310,parsers.R@2026-08-17 / outcomes@2026-09-10
class,CAP Cohort,,structural_or_group,1,1,NCT03055858,parsers.R@2026-08-17 / outcomes@2026-09-10
class,CCHMC Base ED,,unrecognized,1,1,NCT01657344,parsers.R@2026-08-17 / outcomes@2026-09-10
class,CCHMC Satellite ED,,unrecognized,1,1,NCT01657344,parsers.R@2026-08-17 / outcomes@2026-09-10
class,CHOP Base ED,,unrecognized,1,1,NCT01657344,parsers.R@2026-08-17 / outcomes@2026-09-10
class,CLAI in past 3 months,,unrecognized,1,1,NCT06187415,parsers.R@2026-08-17 / outcomes@2026-09-10
class,CM,,unrecognized,1,1,NCT03758066,parsers.R@2026-08-17 / outcomes@2026-09-10
class,CNMC Base ED,,unrecognized,1,1,NCT01657344,parsers.R@2026-08-17 / outcomes@2026-09-10
class,CNMC Satellite ED,,unrecognized,1,1,NCT01657344,parsers.R@2026-08-17 / outcomes@2026-09-10
class,COS cycle 2,,unrecognized,1,1,NCT01956123,parsers.R@2026-08-17 / outcomes@2026-09-10
class,COS cycle 3,,unrecognized,1,1,NCT01956123,parsers.R@2026-08-17 / outcomes@2026-09-10
class,COVID-19,,unrecognized,1,1,NCT06141824,parsers.R@2026-08-17 / outcomes@2026-09-10
class,CRC-MSS,,unrecognized,1,1,NCT04208958,parsers.R@2026-08-17 / outcomes@2026-09-10
class,Cambodia,,unrecognized,1,1,NCT00440999,parsers.R@2026-08-17 / outcomes@2026-09-10
class,Canada,,unrecognized,1,1,NCT06456671,parsers.R@2026-08-17 / outcomes@2026-09-10
category,Cancer Patients/Survivor Participants - Female,female,mapped,1,1,NCT05253573,parsers.R@2026-08-17 / outcomes@2026-09-10
category,Cancer Patients/Survivor Participants - Male,male,mapped,1,1,NCT05253573,parsers.R@2026-08-17 / outcomes@2026-09-10
class,Cancer Survivors,,unrecognized,1,1,NCT05702723,parsers.R@2026-08-17 / outcomes@2026-09-10
category,Cannot Be Reported Due to Participant Privacy,,unrecognized,1,1,NCT04586244,parsers.R@2026-08-17 / outcomes@2026-09-10
class,Car Phase,,unrecognized,1,1,NCT01559935,parsers.R@2026-08-17 / outcomes@2026-09-10
class,Cardiac disorder,,unrecognized,1,1,NCT06790420,parsers.R@2026-08-17 / outcomes@2026-09-10
class,Care Partner sex,,unrecognized,1,1,NCT03283553,parsers.R@2026-08-17 / outcomes@2026-09-10
class,Care Recipient,,unrecognized,1,1,NCT05527405,parsers.R@2026-08-17 / outcomes@2026-09-10
class,Care Recipients (Korean Older Adults),,unrecognized,1,1,NCT03909347,parsers.R@2026-08-17 / outcomes@2026-09-10
class,Care partner (CP),,unrecognized,1,1,NCT03550131,parsers.R@2026-08-17 / outcomes@2026-09-10
class,Care recipient (CR),,unrecognized,1,1,NCT03550131,parsers.R@2026-08-17 / outcomes@2026-09-10
class,Care recipients,,unrecognized,1,1,NCT04418232,parsers.R@2026-08-17 / outcomes@2026-09-10
class,Caregiver Data,,unrecognized,1,1,NCT03988621,parsers.R@2026-08-17 / outcomes@2026-09-10
category,Caregiver Participants - Female,female,mapped,1,1,NCT05253573,parsers.R@2026-08-17 / outcomes@2026-09-10
category,Caregiver Participants - Male,male,mapped,1,1,NCT05253573,parsers.R@2026-08-17 / outcomes@2026-09-10
class,Caregiver age,,unrecognized,1,1,NCT04010227,parsers.R@2026-08-17 / outcomes@2026-09-10
class,Caregiver gender,,unrecognized,1,1,NCT04869085,parsers.R@2026-08-17 / outcomes@2026-09-10
class,Caregiver in caregiver-child pair,,unrecognized,1,1,NCT01519453,parsers.R@2026-08-17 / outcomes@2026-09-10
class,Caregivers (separate from patients),,unrecognized,1,1,NCT03540771,parsers.R@2026-08-17 / outcomes@2026-09-10
class,Caregivers of adolescents,,unrecognized,1,1,NCT03557151,parsers.R@2026-08-17 / outcomes@2026-09-10
class,Caregivers who completed surveys,,unrecognized,1,1,NCT05387564,parsers.R@2026-08-17 / outcomes@2026-09-10
class,Category title missing,unknown,mapped,1,1,NCT01100073,parsers.R@2026-08-17 / outcomes@2026-09-10
class,Censored,,structural_or_group,1,1,NCT05055778,parsers.R@2026-08-17 / outcomes@2026-09-10
class,Chemsex care programs affiliated with NGO,,unrecognized,1,1,NCT06187415,parsers.R@2026-08-17 / outcomes@2026-09-10
class,Chemsex recovery therapy groups or counseling,,unrecognized,1,1,NCT06187415,parsers.R@2026-08-17 / outcomes@2026-09-10
category,Child,,structural_or_group,4,1,NCT04859699,parsers.R@2026-08-17 / outcomes@2026-09-10
class,"Child Female gender, n (%)",female,mapped,1,1,NCT03408314,parsers.R@2026-08-17 / outcomes@2026-09-10
class,"Child Male gender, n (%)",male,mapped,1,1,NCT03408314,parsers.R@2026-08-17 / outcomes@2026-09-10
class,Child Non-binary,gender_diverse,mapped,1,1,NCT06408818,parsers.R@2026-08-17 / outcomes@2026-09-10
class,Child biological sex,,unrecognized,1,1,NCT05096611,parsers.R@2026-08-17 / outcomes@2026-09-10
class,Child care center directors,,unrecognized,1,1,NCT03319927,parsers.R@2026-08-17 / outcomes@2026-09-10
class,Child care providers,,unrecognized,1,1,NCT03319927,parsers.R@2026-08-17 / outcomes@2026-09-10
class,Child gender,,unrecognized,1,1,NCT01816074,parsers.R@2026-08-17 / outcomes@2026-09-10
class,Child in caregiver-child pair,,unrecognized,1,1,NCT01519453,parsers.R@2026-08-17 / outcomes@2026-09-10
class,Child with rare disease,,unrecognized,1,1,NCT04855734,parsers.R@2026-08-17 / outcomes@2026-09-10
class,Children (females),female,mapped,1,1,NCT04399161,parsers.R@2026-08-17 / outcomes@2026-09-10
class,Children (males),male,mapped,1,1,NCT04399161,parsers.R@2026-08-17 / outcomes@2026-09-10
class,Children Sex,,unrecognized,1,1,NCT02395120,parsers.R@2026-08-17 / outcomes@2026-09-10
class,Children participants,,unrecognized,1,1,NCT03294590,parsers.R@2026-08-17 / outcomes@2026-09-10
class,Chinese cohort,,structural_or_group,1,1,NCT04059484,parsers.R@2026-08-17 / outcomes@2026-09-10
class,Chlamydia,,unrecognized,1,1,NCT03881007,parsers.R@2026-08-17 / outcomes@2026-09-10
category,Choose not to report,unknown,mapped,1,1,NCT05120713,parsers.R@2026-08-17 / outcomes@2026-09-10
category,Chose not to declare,unknown,mapped,1,1,NCT05801991,parsers.R@2026-08-17 / outcomes@2026-09-10
class,Chronic,,unrecognized,1,1,NCT02522429,parsers.R@2026-08-17 / outcomes@2026-09-10
class,Chronic Hepatitis C patients,,unrecognized,1,1,NCT01600105,parsers.R@2026-08-17 / outcomes@2026-09-10
class,Cis Female,ambiguous,mapped,1,1,NCT03707158,parsers.R@2026-08-17 / outcomes@2026-09-10
class,Cis Male,ambiguous,mapped,1,1,NCT03707158,parsers.R@2026-08-17 / outcomes@2026-09-10
class,Cis-female,ambiguous,mapped,1,1,NCT05020353,parsers.R@2026-08-17 / outcomes@2026-09-10
category,Cis-gender male,ambiguous,mapped,1,1,NCT02330419,parsers.R@2026-08-17 / outcomes@2026-09-10
class,Cis-male,ambiguous,mapped,1,1,NCT05020353,parsers.R@2026-08-17 / outcomes@2026-09-10
category,Cis-man,ambiguous,mapped,1,1,NCT05608083,parsers.R@2026-08-17 / outcomes@2026-09-10
category,Cis-woman,ambiguous,mapped,1,1,NCT05608083,parsers.R@2026-08-17 / outcomes@2026-09-10
category,Cisgender Female,ambiguous,mapped,1,1,NCT04276935,parsers.R@2026-08-17 / outcomes@2026-09-10
category,Cisgender Male,ambiguous,mapped,1,1,NCT04276935,parsers.R@2026-08-17 / outcomes@2026-09-10
category,Cisgender Men,ambiguous,mapped,3,1,NCT05626231,parsers.R@2026-08-17 / outcomes@2026-09-10
class,Cisgender Woman,ambiguous,mapped,1,1,NCT05512949,parsers.R@2026-08-17 / outcomes@2026-09-10
category,Cisgender Woman,ambiguous,mapped,1,1,NCT05135767,parsers.R@2026-08-17 / outcomes@2026-09-10
category,Cisgender Women,ambiguous,mapped,3,1,NCT05626231,parsers.R@2026-08-17 / outcomes@2026-09-10
category,Cisgender boys,ambiguous,mapped,1,1,NCT03409328,parsers.R@2026-08-17 / outcomes@2026-09-10
category,Cisgender female,ambiguous,mapped,1,1,NCT04797221,parsers.R@2026-08-17 / outcomes@2026-09-10
class,Cisgender girl,ambiguous,mapped,1,1,NCT05408858,parsers.R@2026-08-17 / outcomes@2026-09-10
class,Cisgender heterosexual man,ambiguous,mapped,1,1,NCT04089137,parsers.R@2026-08-17 / outcomes@2026-09-10
class,Cisgender heterosexual woman,ambiguous,mapped,1,1,NCT04089137,parsers.R@2026-08-17 / outcomes@2026-09-10
class,Cisgender man,ambiguous,mapped,1,1,NCT05897827,parsers.R@2026-08-17 / outcomes@2026-09-10
category,Cisgender man,ambiguous,mapped,1,1,NCT04408469,parsers.R@2026-08-17 / outcomes@2026-09-10
class,Cisgender men,ambiguous,mapped,1,1,NCT04878328,parsers.R@2026-08-17 / outcomes@2026-09-10
class,Cisgender woman,ambiguous,mapped,1,1,NCT05897827,parsers.R@2026-08-17 / outcomes@2026-09-10
category,Cisgender woman,ambiguous,mapped,1,1,NCT04408469,parsers.R@2026-08-17 / outcomes@2026-09-10
class,ClinOleic,,unrecognized,1,1,NCT01943409,parsers.R@2026-08-17 / outcomes@2026-09-10
class,Clinic A,,unrecognized,1,1,NCT04107116,parsers.R@2026-08-17 / outcomes@2026-09-10
class,Clinic B,,unrecognized,1,1,NCT04107116,parsers.R@2026-08-17 / outcomes@2026-09-10
class,Clinic C,,unrecognized,1,1,NCT04107116,parsers.R@2026-08-17 / outcomes@2026-09-10
class,Clinic D,,unrecognized,1,1,NCT04107116,parsers.R@2026-08-17 / outcomes@2026-09-10
class,Clinic E,,unrecognized,1,1,NCT04107116,parsers.R@2026-08-17 / outcomes@2026-09-10
class,Clinic F,,unrecognized,1,1,NCT04107116,parsers.R@2026-08-17 / outcomes@2026-09-10
class,Clinic G,,unrecognized,1,1,NCT04107116,parsers.R@2026-08-17 / outcomes@2026-09-10
class,Clinic H,,unrecognized,1,1,NCT04107116,parsers.R@2026-08-17 / outcomes@2026-09-10
class,Clinic I,,unrecognized,1,1,NCT04107116,parsers.R@2026-08-17 / outcomes@2026-09-10
class,Clinic Staff,,unrecognized,1,1,NCT05472142,parsers.R@2026-08-17 / outcomes@2026-09-10
class,Clinician Characteristics - Sex,,unrecognized,1,1,NCT05563714,parsers.R@2026-08-17 / outcomes@2026-09-10
class,Cognitively Normal,,unrecognized,1,1,NCT04057807,parsers.R@2026-08-17 / outcomes@2026-09-10
class,Cohort 1 (50 mg QHS),,structural_or_group,1,1,NCT03525886,parsers.R@2026-08-17 / outcomes@2026-09-10
class,Cohort 1 (FCM at 7.5 mg/kg to a maximum of 750mg),,structural_or_group,1,1,NCT02410213,parsers.R@2026-08-17 / outcomes@2026-09-10
class,Cohort 1 (NAL ER 27 mg): Group 1,,structural_or_group,1,1,NCT04020016,parsers.R@2026-08-17 / outcomes@2026-09-10
class,Cohort 1 (NAL ER 27 mg): Group 2,,structural_or_group,1,1,NCT04020016,parsers.R@2026-08-17 / outcomes@2026-09-10
class,Cohort 1 (NAL ER 27 mg): Group 3,,structural_or_group,1,1,NCT04020016,parsers.R@2026-08-17 / outcomes@2026-09-10
class,Cohort 1 -12 to 17 years of age,,structural_or_group,1,1,NCT02340169,parsers.R@2026-08-17 / outcomes@2026-09-10
class,Cohort 1 Group 15E,,structural_or_group,1,1,NCT04889209,parsers.R@2026-08-17 / outcomes@2026-09-10
class,"Cohort 1, Female",female,mapped,1,1,NCT01849692,parsers.R@2026-08-17 / outcomes@2026-09-10
class,"Cohort 1, Male",male,mapped,1,1,NCT01849692,parsers.R@2026-08-17 / outcomes@2026-09-10
class,Cohort 10,,structural_or_group,1,1,NCT02878785,parsers.R@2026-08-17 / outcomes@2026-09-10
class,Cohort 11,,structural_or_group,1,1,NCT02878785,parsers.R@2026-08-17 / outcomes@2026-09-10
class,Cohort 12,,structural_or_group,1,1,NCT02878785,parsers.R@2026-08-17 / outcomes@2026-09-10
class,Cohort 13,,structural_or_group,1,1,NCT02878785,parsers.R@2026-08-17 / outcomes@2026-09-10
class,Cohort 14,,structural_or_group,1,1,NCT02878785,parsers.R@2026-08-17 / outcomes@2026-09-10
class,Cohort 1: Low Energy - Continuous,,structural_or_group,1,1,NCT03763708,parsers.R@2026-08-17 / outcomes@2026-09-10
class,Cohort 2 (100 mg QHS),,structural_or_group,1,1,NCT03525886,parsers.R@2026-08-17 / outcomes@2026-09-10
class,Cohort 2 (FCM at 15 mg/kg to a maximum of 750mg,,structural_or_group,1,1,NCT02410213,parsers.R@2026-08-17 / outcomes@2026-09-10
class,Cohort 2 (NAL ER 54 mg): Group 1,,structural_or_group,1,1,NCT04020016,parsers.R@2026-08-17 / outcomes@2026-09-10
class,Cohort 2 (NAL ER 54 mg): Group 2,,structural_or_group,1,1,NCT04020016,parsers.R@2026-08-17 / outcomes@2026-09-10
class,Cohort 2 - 6 to 11 years of age,,structural_or_group,1,1,NCT02340169,parsers.R@2026-08-17 / outcomes@2026-09-10
class,"Cohort 2, Female",female,mapped,1,1,NCT01849692,parsers.R@2026-08-17 / outcomes@2026-09-10
class,"Cohort 2, Male",male,mapped,1,1,NCT01849692,parsers.R@2026-08-17 / outcomes@2026-09-10
class,Cohort 2: Interleaving,,structural_or_group,1,1,NCT03763708,parsers.R@2026-08-17 / outcomes@2026-09-10
class,Cohort 3,,structural_or_group,1,1,NCT02878785,parsers.R@2026-08-17 / outcomes@2026-09-10
class,Cohort 3 (100 mg QPM),,structural_or_group,1,1,NCT03525886,parsers.R@2026-08-17 / outcomes@2026-09-10
class,Cohort 3 (NAL ER 108 mg): Group 1,,structural_or_group,1,1,NCT04020016,parsers.R@2026-08-17 / outcomes@2026-09-10
class,Cohort 3 (NAL ER 108 mg): Group 2,,structural_or_group,1,1,NCT04020016,parsers.R@2026-08-17 / outcomes@2026-09-10
class,"Cohort 3, Female",female,mapped,1,1,NCT01849692,parsers.R@2026-08-17 / outcomes@2026-09-10
class,"Cohort 3, Male",male,mapped,1,1,NCT01849692,parsers.R@2026-08-17 / outcomes@2026-09-10
class,Cohort 3- 2 to 5 years of age,,structural_or_group,1,1,NCT02340169,parsers.R@2026-08-17 / outcomes@2026-09-10
class,Cohort 3: Cycling Evolve,,structural_or_group,1,1,NCT03763708,parsers.R@2026-08-17 / outcomes@2026-09-10
class,Cohort 4,,structural_or_group,1,1,NCT02878785,parsers.R@2026-08-17 / outcomes@2026-09-10
class,Cohort 4 (100 mg BID),,structural_or_group,1,1,NCT03525886,parsers.R@2026-08-17 / outcomes@2026-09-10
class,Cohort 4 (NAL ER 162 mg): Group 1,,structural_or_group,1,1,NCT04020016,parsers.R@2026-08-17 / outcomes@2026-09-10
class,Cohort 4 (NAL ER 162 mg): Group 2,,structural_or_group,1,1,NCT04020016,parsers.R@2026-08-17 / outcomes@2026-09-10
class,"Cohort 4, Female",female,mapped,1,1,NCT01849692,parsers.R@2026-08-17 / outcomes@2026-09-10
class,"Cohort 4, Male",male,mapped,1,1,NCT01849692,parsers.R@2026-08-17 / outcomes@2026-09-10
class,Cohort 4: Low Energy Cycling 1,,structural_or_group,1,1,NCT03763708,parsers.R@2026-08-17 / outcomes@2026-09-10
class,Cohort 5,,structural_or_group,1,1,NCT02878785,parsers.R@2026-08-17 / outcomes@2026-09-10
class,Cohort 5 (NAL ER 162 mg): Group 4,,structural_or_group,1,1,NCT04020016,parsers.R@2026-08-17 / outcomes@2026-09-10
class,Cohort 5: Low Energy Cycling 2,,structural_or_group,1,1,NCT03763708,parsers.R@2026-08-17 / outcomes@2026-09-10
class,Cohort 6,,structural_or_group,1,1,NCT02878785,parsers.R@2026-08-17 / outcomes@2026-09-10
class,Cohort 6: Differential Targeted Multiplexed-Low Energy Spinal Cord Stimulation (DTM-LE SCS),,structural_or_group,1,1,NCT03763708,parsers.R@2026-08-17 / outcomes@2026-09-10
class,Cohort 7,,structural_or_group,1,1,NCT02878785,parsers.R@2026-08-17 / outcomes@2026-09-10
class,Cohort 7: Super Cycle,,structural_or_group,1,1,NCT03763708,parsers.R@2026-08-17 / outcomes@2026-09-10
class,Cohort 8,,structural_or_group,1,1,NCT02878785,parsers.R@2026-08-17 / outcomes@2026-09-10
class,Cohort 8: Differential Targeted Multiplexed (DTM) for Neuro Sense (NS),,structural_or_group,1,1,NCT03763708,parsers.R@2026-08-17 / outcomes@2026-09-10
class,Cohort 9,,structural_or_group,1,1,NCT02878785,parsers.R@2026-08-17 / outcomes@2026-09-10
class,Cohort 9: Diabetic Peripheral Neuropathy (DPN) Flow,,structural_or_group,1,1,NCT03763708,parsers.R@2026-08-17 / outcomes@2026-09-10
class,Cohort A,,structural_or_group,1,1,NCT03257462,parsers.R@2026-08-17 / outcomes@2026-09-10
class,Cohort B,,structural_or_group,1,1,NCT03257462,parsers.R@2026-08-17 / outcomes@2026-09-10
class,Cohort C,,structural_or_group,1,1,NCT03257462,parsers.R@2026-08-17 / outcomes@2026-09-10
class,Combination phase,,unrecognized,1,1,NCT02685709,parsers.R@2026-08-17 / outcomes@2026-09-10
class,Communication Intervention,,unrecognized,1,1,NCT03599557,parsers.R@2026-08-17 / outcomes@2026-09-10
class,Comparative analysis set,,unrecognized,1,1,NCT05796245,parsers.R@2026-08-17 / outcomes@2026-09-10
class,Completed Data Collection for Aim 1,,unrecognized,1,1,NCT05586490,parsers.R@2026-08-17 / outcomes@2026-09-10
class,Completed Data Collection for Aim 2,,unrecognized,1,1,NCT05586490,parsers.R@2026-08-17 / outcomes@2026-09-10
class,Completed Data Collection for Aim 3,,unrecognized,1,1,NCT05586490,parsers.R@2026-08-17 / outcomes@2026-09-10
class,Completed Trial (ITT),,unrecognized,1,1,NCT03081117,parsers.R@2026-08-17 / outcomes@2026-09-10
class,Completed Trial (Per Protocol),,unrecognized,1,1,NCT03081117,parsers.R@2026-08-17 / outcomes@2026-09-10
class,Completers,,unrecognized,1,1,NCT03621280,parsers.R@2026-08-17 / outcomes@2026-09-10
class,Completing study,,unrecognized,1,1,NCT02768727,parsers.R@2026-08-17 / outcomes@2026-09-10
class,Composite MSHQ,,unrecognized,1,1,NCT00512707,parsers.R@2026-08-17 / outcomes@2026-09-10
class,Condom use (male/female condoms),female,mapped,1,1,NCT03058835,parsers.R@2026-08-17 / outcomes@2026-09-10
class,Condomless anal sex,,unrecognized,1,1,NCT02248558,parsers.R@2026-08-17 / outcomes@2026-09-10
class,Contact Clients,,unrecognized,1,1,NCT05343390,parsers.R@2026-08-17 / outcomes@2026-09-10
class,Contact person participants,,unrecognized,1,1,NCT04520113,parsers.R@2026-08-17 / outcomes@2026-09-10
class,Control Arm,,structural_or_group,1,1,NCT01740596,parsers.R@2026-08-17 / outcomes@2026-09-10
class,Control Group,,unrecognized,1,1,NCT02798354,parsers.R@2026-08-17 / outcomes@2026-09-10
class,Core Participants not enrolled in the Extension,,structural_or_group,1,1,NCT00395629,parsers.R@2026-08-17 / outcomes@2026-09-10
class,Core trial period,,unrecognized,1,1,NCT05870540,parsers.R@2026-08-17 / outcomes@2026-09-10
class,Counselors: Genderqueer/Other,gender_diverse,mapped,1,1,NCT03954184,parsers.R@2026-08-17 / outcomes@2026-09-10
class,Counselors: Man,male,mapped,1,1,NCT03954184,parsers.R@2026-08-17 / outcomes@2026-09-10
class,Counselors: Refused/Unknown,unknown,mapped,1,1,NCT03954184,parsers.R@2026-08-17 / outcomes@2026-09-10
class,Counselors: Transgender Man,ambiguous,mapped,1,1,NCT03954184,parsers.R@2026-08-17 / outcomes@2026-09-10
class,Counselors: Transgender Woman,ambiguous,mapped,1,1,NCT03954184,parsers.R@2026-08-17 / outcomes@2026-09-10
class,Counselors: Woman,female,mapped,1,1,NCT03954184,parsers.R@2026-08-17 / outcomes@2026-09-10
class,Count,,structural_or_group,1,1,NCT02601976,parsers.R@2026-08-17 / outcomes@2026-09-10
class,Count by sex,,unrecognized,1,1,NCT04872569,parsers.R@2026-08-17 / outcomes@2026-09-10
class,Count of Participants,,unrecognized,1,1,NCT05735652,parsers.R@2026-08-17 / outcomes@2026-09-10
class,Crisaborole 2% BID,,unrecognized,1,1,NCT04040192,parsers.R@2026-08-17 / outcomes@2026-09-10
class,Crisaborole 2% QD,,unrecognized,1,1,NCT04040192,parsers.R@2026-08-17 / outcomes@2026-09-10
class,Crohn's disease,,unrecognized,1,1,NCT03834051,parsers.R@2026-08-17 / outcomes@2026-09-10
class,Cross-over for Treatment Failure,,unrecognized,1,1,NCT03738566,parsers.R@2026-08-17 / outcomes@2026-09-10
class,Crossover,,unrecognized,1,1,NCT02763826,parsers.R@2026-08-17 / outcomes@2026-09-10
class,Current Gender Female,female,mapped,1,1,NCT06069713,parsers.R@2026-08-17 / outcomes@2026-09-10
class,Current Gender Male,male,mapped,1,1,NCT06069713,parsers.R@2026-08-17 / outcomes@2026-09-10
class,Current Gender Transgender,gender_diverse,mapped,1,1,NCT06069713,parsers.R@2026-08-17 / outcomes@2026-09-10
class,"Cycle 1, Rasburicase",,unrecognized,1,1,NCT01200485,parsers.R@2026-08-17 / outcomes@2026-09-10
class,"Cycle 2, Arm A",,structural_or_group,1,1,NCT01200485,parsers.R@2026-08-17 / outcomes@2026-09-10
class,"Cycle 2, Arm B",,structural_or_group,1,1,NCT01200485,parsers.R@2026-08-17 / outcomes@2026-09-10
class,Cytopenias,,unrecognized,1,1,NCT06790420,parsers.R@2026-08-17 / outcomes@2026-09-10
class,DB Treatment Period,,unrecognized,1,1,NCT04556734,parsers.R@2026-08-17 / outcomes@2026-09-10
class,DBT Phase,,unrecognized,1,1,NCT03941834,parsers.R@2026-08-17 / outcomes@2026-09-10
class,DIVI Team,,unrecognized,1,1,NCT04152603,parsers.R@2026-08-17 / outcomes@2026-09-10
class,DPPOS Participants,,unrecognized,1,1,NCT00038727,parsers.R@2026-08-17 / outcomes@2026-09-10
class,Dabigatran vs Apixaban (matched pop),,unrecognized,1,1,NCT03026556,parsers.R@2026-08-17 / outcomes@2026-09-10
class,Dabigatran vs Rivaroxaban (matched pop),,unrecognized,1,1,NCT03026556,parsers.R@2026-08-17 / outcomes@2026-09-10
class,Dabigatran vs VKA (matched pop),,unrecognized,1,1,NCT02785354,parsers.R@2026-08-17 / outcomes@2026-09-10
class,Dabigatran vs VKA(matched pop),,unrecognized,1,1,NCT02240667,parsers.R@2026-08-17 / outcomes@2026-09-10
class,Data Missing,unknown,mapped,1,1,NCT05900700,parsers.R@2026-08-17 / outcomes@2026-09-10
category,Data missing,unknown,mapped,1,1,NCT03011840,parsers.R@2026-08-17 / outcomes@2026-09-10
class,Data missing,unknown,mapped,1,1,NCT04141917,parsers.R@2026-08-17 / outcomes@2026-09-10
class,Data not reported,unknown,mapped,1,1,NCT01379703,parsers.R@2026-08-17 / outcomes@2026-09-10
class,Data unavailable,unknown,mapped,1,1,NCT04852666,parsers.R@2026-08-17 / outcomes@2026-09-10
class,Decline to answer,unknown,mapped,1,1,NCT04839978,parsers.R@2026-08-17 / outcomes@2026-09-10
class,Decline to state,unknown,mapped,2,1,NCT05512949,parsers.R@2026-08-17 / outcomes@2026-09-10
class,Decline/missing,unknown,mapped,1,1,NCT05057988,parsers.R@2026-08-17 / outcomes@2026-09-10
category,Declined,unknown,mapped,1,1,NCT04159480,parsers.R@2026-08-17 / outcomes@2026-09-10
class,Declined to Answer,unknown,mapped,1,1,NCT03974061,parsers.R@2026-08-17 / outcomes@2026-09-10
class,Declined to Report,unknown,mapped,1,1,NCT05757453,parsers.R@2026-08-17 / outcomes@2026-09-10
class,Declined to State,unknown,mapped,1,1,NCT02701049,parsers.R@2026-08-17 / outcomes@2026-09-10
class,Declined to answer or Unknown,unknown,mapped,1,1,NCT05988398,parsers.R@2026-08-17 / outcomes@2026-09-10
category,Declined to state,unknown,mapped,2,1,NCT04446910,parsers.R@2026-08-17 / outcomes@2026-09-10
class,Dementia Caregiver,,unrecognized,1,1,NCT03896711,parsers.R@2026-08-17 / outcomes@2026-09-10
class,Demiboy,male,mapped,1,1,NCT06479980,parsers.R@2026-08-17 / outcomes@2026-09-10
category,Demisexual,,unrecognized,1,1,NCT03912753,parsers.R@2026-08-17 / outcomes@2026-09-10
class,Demisexual,,unrecognized,1,1,NCT06229132,parsers.R@2026-08-17 / outcomes@2026-09-10
class,Demographic information not collected,unknown,mapped,1,1,NCT00827502,parsers.R@2026-08-17 / outcomes@2026-09-10
class,Demographics,,unrecognized,1,1,NCT03297645,parsers.R@2026-08-17 / outcomes@2026-09-10
class,Demographics Across Arms,,unrecognized,1,1,NCT02981303,parsers.R@2026-08-17 / outcomes@2026-09-10
class,Development of malignant tumor,,unrecognized,1,1,NCT06790420,parsers.R@2026-08-17 / outcomes@2026-09-10
class,Dexmedetomidine,,unrecognized,1,1,NCT03284307,parsers.R@2026-08-17 / outcomes@2026-09-10
class,Diagnostic Phase,,unrecognized,1,1,NCT01667562,parsers.R@2026-08-17 / outcomes@2026-09-10
category,Did Not Report,unknown,mapped,1,1,NCT03649347,parsers.R@2026-08-17 / outcomes@2026-09-10
class,Did not collect,unknown,mapped,1,1,NCT03712891,parsers.R@2026-08-17 / outcomes@2026-09-10
category,Did not give,unknown,mapped,1,1,NCT04643964,parsers.R@2026-08-17 / outcomes@2026-09-10
category,Did not have anal sex with men in the past 6 months,male,mapped,1,1,NCT05161689,parsers.R@2026-08-17 / outcomes@2026-09-10
category,Did not have receptive sex without a condom in past 3 months,,unrecognized,1,1,NCT03897049,parsers.R@2026-08-17 / outcomes@2026-09-10
class,Did not identify,unknown,mapped,1,1,NCT04697173,parsers.R@2026-08-17 / outcomes@2026-09-10
category,Did not identify,unknown,mapped,1,1,NCT02747849,parsers.R@2026-08-17 / outcomes@2026-09-10
category,Did not report,unknown,mapped,1,1,NCT05302440,parsers.R@2026-08-17 / outcomes@2026-09-10
class,Did not report,unknown,mapped,1,1,NCT04344028,parsers.R@2026-08-17 / outcomes@2026-09-10
category,Did not respond,unknown,mapped,1,1,NCT04180020,parsers.R@2026-08-17 / outcomes@2026-09-10
category,Did not specify,,unrecognized,1,1,NCT06425458,parsers.R@2026-08-17 / outcomes@2026-09-10
category,Disagree,,unrecognized,1,1,NCT03808883,parsers.R@2026-08-17 / outcomes@2026-09-10
class,Discharge,,unrecognized,1,1,NCT02004366,parsers.R@2026-08-17 / outcomes@2026-09-10
class,Disclosed gender (included 6 undisclosed in male intervention count),unknown,mapped,1,1,NCT03312218,parsers.R@2026-08-17 / outcomes@2026-09-10
category,Disclosed to others,gender_diverse,mapped,1,1,NCT02796963,parsers.R@2026-08-17 / outcomes@2026-09-10
class,Distribution of Male/Female Participants,female,mapped,1,1,NCT04078126,parsers.R@2026-08-17 / outcomes@2026-09-10
category,Diverse,gender_diverse,mapped,2,1,NCT03550131,parsers.R@2026-08-17 / outcomes@2026-09-10
category,Do Not Identify As Any of These Options,gender_diverse,mapped,1,1,NCT04168645,parsers.R@2026-08-17 / outcomes@2026-09-10
class,"Do not identify as female, male, or transgender",ambiguous,mapped,1,1,NCT05319600,parsers.R@2026-08-17 / outcomes@2026-09-10
category,"Do not identify as female, male, or transgender",ambiguous,mapped,1,1,NCT04445792,parsers.R@2026-08-17 / outcomes@2026-09-10
category,Do not wish to disclose,unknown,mapped,1,1,NCT03543865,parsers.R@2026-08-17 / outcomes@2026-09-10
category,Do not wish to report,unknown,mapped,1,1,NCT04556591,parsers.R@2026-08-17 / outcomes@2026-09-10
category,Do not wish to say,unknown,mapped,1,1,NCT06638840,parsers.R@2026-08-17 / outcomes@2026-09-10
category,Does not Identify as Male or Female,female,mapped,1,1,NCT03337113,parsers.R@2026-08-17 / outcomes@2026-09-10
category,Does not apply (providers),,unrecognized,1,1,NCT04584294,parsers.R@2026-08-17 / outcomes@2026-09-10
class,Don't know,,unrecognized,1,1,NCT04922216,parsers.R@2026-08-17 / outcomes@2026-09-10
category,Don't know / Not sure,unknown,mapped,1,1,NCT04589559,parsers.R@2026-08-17 / outcomes@2026-09-10
category,Don't know/Not Sure,unknown,mapped,1,1,NCT03132753,parsers.R@2026-08-17 / outcomes@2026-09-10
class,Dose Escalation,,unrecognized,1,1,NCT02763826,parsers.R@2026-08-17 / outcomes@2026-09-10
class,Dose Optimization Phase,,unrecognized,1,1,NCT05631626,parsers.R@2026-08-17 / outcomes@2026-09-10
class,Double Blind Phase,,unrecognized,1,1,NCT04712669,parsers.R@2026-08-17 / outcomes@2026-09-10
class,Double Masked Period,,unrecognized,1,1,NCT04133311,parsers.R@2026-08-17 / outcomes@2026-09-10
class,Double blind phase,,unrecognized,1,1,NCT05445557,parsers.R@2026-08-17 / outcomes@2026-09-10
class,Double-Blind Controlled Trial,,unrecognized,1,1,NCT04629950,parsers.R@2026-08-17 / outcomes@2026-09-10
class,Double-Blind Period,,unrecognized,1,1,NCT02586623,parsers.R@2026-08-17 / outcomes@2026-09-10
class,Double-Blind Phase,,unrecognized,1,1,NCT05631626,parsers.R@2026-08-17 / outcomes@2026-09-10
class,Double-Blind Relapse Prevention,,unrecognized,1,1,NCT05014919,parsers.R@2026-08-17 / outcomes@2026-09-10
class,Double-Blind Sex,,unrecognized,1,1,NCT03323749,parsers.R@2026-08-17 / outcomes@2026-09-10
class,Double-Blind Withdrawal Period,,unrecognized,1,1,NCT05668754,parsers.R@2026-08-17 / outcomes@2026-09-10
class,Double-blind 8 week arm,,structural_or_group,1,1,NCT00958633,parsers.R@2026-08-17 / outcomes@2026-09-10
class,Double-blind period,,unrecognized,1,1,NCT04424927,parsers.R@2026-08-17 / outcomes@2026-09-10
class,Dual Intervention,,unrecognized,1,1,NCT03316950,parsers.R@2026-08-17 / outcomes@2026-09-10
class,"Due to privacy concerns of single participant, data will not be shown for this outcome",,unrecognized,1,1,NCT04986072,parsers.R@2026-08-17 / outcomes@2026-09-10
class,ELL (English Language Learner),,unrecognized,1,1,NCT04717479,parsers.R@2026-08-17 / outcomes@2026-09-10
class,EMPOWER Study (randomized),,unrecognized,1,1,NCT03445988,parsers.R@2026-08-17 / outcomes@2026-09-10
class,Efficacy Population,,unrecognized,1,1,NCT02221869,parsers.R@2026-08-17 / outcomes@2026-09-10
class,Efficacy cohort,,structural_or_group,1,1,NCT03344172,parsers.R@2026-08-17 / outcomes@2026-09-10
class,Either Sex,,unrecognized,1,1,NCT00491374,parsers.R@2026-08-17 / outcomes@2026-09-10
class,Ejaculation,,unrecognized,1,1,NCT00512707,parsers.R@2026-08-17 / outcomes@2026-09-10
class,Ejaculations,,unrecognized,1,1,NCT00512707,parsers.R@2026-08-17 / outcomes@2026-09-10
class,Elderly (females),female,mapped,1,1,NCT04399161,parsers.R@2026-08-17 / outcomes@2026-09-10
class,Elderly (males),male,mapped,1,1,NCT04399161,parsers.R@2026-08-17 / outcomes@2026-09-10
class,Elders,,unrecognized,1,1,NCT02807506,parsers.R@2026-08-17 / outcomes@2026-09-10
class,Endline Providers,,unrecognized,1,1,NCT05328648,parsers.R@2026-08-17 / outcomes@2026-09-10
class,Endline Women,female,mapped,1,1,NCT05328648,parsers.R@2026-08-17 / outcomes@2026-09-10
class,Enrolled Population,,unrecognized,1,1,NCT02221869,parsers.R@2026-08-17 / outcomes@2026-09-10
class,Enrolled under Amendment 1~3,,unrecognized,1,1,NCT03298022,parsers.R@2026-08-17 / outcomes@2026-09-10
class,Enrolled under Amendment 4,,unrecognized,1,1,NCT03298022,parsers.R@2026-08-17 / outcomes@2026-09-10
class,Enteral feeding,,unrecognized,1,1,NCT03278847,parsers.R@2026-08-17 / outcomes@2026-09-10
class,Erectile function,,unrecognized,1,1,NCT00351819,parsers.R@2026-08-17 / outcomes@2026-09-10
class,Erection,,unrecognized,1,1,NCT00512707,parsers.R@2026-08-17 / outcomes@2026-09-10
class,Erlotinib,,unrecognized,1,1,NCT01667562,parsers.R@2026-08-17 / outcomes@2026-09-10
class,Escalation 100mg,,unrecognized,1,1,NCT04676529,parsers.R@2026-08-17 / outcomes@2026-09-10
class,Escalation 150mg,,unrecognized,1,1,NCT04676529,parsers.R@2026-08-17 / outcomes@2026-09-10
class,Escalation 200mg,,unrecognized,1,1,NCT04676529,parsers.R@2026-08-17 / outcomes@2026-09-10
class,Escalation Phase,,unrecognized,1,1,NCT01693562,parsers.R@2026-08-17 / outcomes@2026-09-10
category,Every time,,unrecognized,1,1,NCT05161689,parsers.R@2026-08-17 / outcomes@2026-09-10
class,Excluded from Analysis,,structural_or_group,1,1,NCT01065779,parsers.R@2026-08-17 / outcomes@2026-09-10
class,Excluded from analysis,,structural_or_group,1,1,NCT00752622,parsers.R@2026-08-17 / outcomes@2026-09-10
class,Exclusively Female Partners,female,mapped,1,1,NCT03670355,parsers.R@2026-08-17 / outcomes@2026-09-10
class,Exclusively Male Partners,male,mapped,1,1,NCT03670355,parsers.R@2026-08-17 / outcomes@2026-09-10
class,Exploration Phase,,unrecognized,1,1,NCT01693562,parsers.R@2026-08-17 / outcomes@2026-09-10
class,Exploratory >9-g Narcolepsy cohort,,structural_or_group,1,1,NCT05875974,parsers.R@2026-08-17 / outcomes@2026-09-10
class,Exploring,,unrecognized,1,1,NCT03487796,parsers.R@2026-08-17 / outcomes@2026-09-10
class,Extended Dosing Phase,,unrecognized,1,1,NCT03436797,parsers.R@2026-08-17 / outcomes@2026-09-10
category,F to M,,unrecognized,1,1,NCT02641236,parsers.R@2026-08-17 / outcomes@2026-09-10
class,F-Transgender,gender_diverse,mapped,1,1,NCT03769675,parsers.R@2026-08-17 / outcomes@2026-09-10
category,"F/F, M/M, M/F",,unrecognized,1,1,NCT00245037,parsers.R@2026-08-17 / outcomes@2026-09-10
category,F/M,,unrecognized,1,1,NCT00245037,parsers.R@2026-08-17 / outcomes@2026-09-10
class,FAS72+,,unrecognized,1,1,NCT03923426,parsers.R@2026-08-17 / outcomes@2026-09-10
class,FAS72-,,unrecognized,1,1,NCT03923426,parsers.R@2026-08-17 / outcomes@2026-09-10
class,FBDC-SE (G1; Control Group) Arm/Group,,structural_or_group,1,1,NCT02698371,parsers.R@2026-08-17 / outcomes@2026-09-10
class,FBDC-SE-EE (G2; Control Group) Arm/Group,,structural_or_group,1,1,NCT02698371,parsers.R@2026-08-17 / outcomes@2026-09-10
class,FBU-ER (G3) Arm/Group,,structural_or_group,1,1,NCT02698371,parsers.R@2026-08-17 / outcomes@2026-09-10
class,FBU-SE (G4) Arm/Group,,structural_or_group,1,1,NCT02698371,parsers.R@2026-08-17 / outcomes@2026-09-10
class,FE-HS,,unrecognized,1,1,NCT04510090,parsers.R@2026-08-17 / outcomes@2026-09-10
class,FQHC 1,,unrecognized,1,1,NCT04514341,parsers.R@2026-08-17 / outcomes@2026-09-10
class,FQHC 2,,unrecognized,1,1,NCT04514341,parsers.R@2026-08-17 / outcomes@2026-09-10
class,FX Addendum,,unrecognized,1,1,NCT04091048,parsers.R@2026-08-17 / outcomes@2026-09-10
category,Famale,male,mapped,1,1,NCT02996305,parsers.R@2026-08-17 / outcomes@2026-09-10
class,Family Members,,unrecognized,1,1,NCT05340478,parsers.R@2026-08-17 / outcomes@2026-09-10
class,Family caregivers,,unrecognized,1,1,NCT04238520,parsers.R@2026-08-17 / outcomes@2026-09-10
class,Father participants,,unrecognized,1,1,NCT05374837,parsers.R@2026-08-17 / outcomes@2026-09-10
class,Father sex (baseline),,unrecognized,1,1,NCT03548558,parsers.R@2026-08-17 / outcomes@2026-09-10
class,Fathers,,structural_or_group,1,1,NCT03573830,parsers.R@2026-08-17 / outcomes@2026-09-10
class,Fathers' sex,,unrecognized,1,1,NCT02901665,parsers.R@2026-08-17 / outcomes@2026-09-10
class,Fellow eyes,,unrecognized,1,1,NCT04200651,parsers.R@2026-08-17 / outcomes@2026-09-10
class,Femal,female,mapped,1,1,NCT00266279,parsers.R@2026-08-17 / outcomes@2026-09-10
class,Female (11 to 18 years),female,mapped,1,1,NCT00450437,parsers.R@2026-08-17 / outcomes@2026-09-10
class,Female (12 to <18 years),female,mapped,1,1,NCT01971476,parsers.R@2026-08-17 / outcomes@2026-09-10
class,Female (18 to 64 years),female,mapped,1,1,NCT00973700,parsers.R@2026-08-17 / outcomes@2026-09-10
class,Female (19 to 55 years),female,mapped,1,1,NCT00450437,parsers.R@2026-08-17 / outcomes@2026-09-10
class,Female (2 to <12 years),female,mapped,1,1,NCT01971476,parsers.R@2026-08-17 / outcomes@2026-09-10
class,Female (3 to <9 years),female,mapped,1,1,NCT00973700,parsers.R@2026-08-17 / outcomes@2026-09-10
class,Female (9 to 17 years),female,mapped,1,1,NCT00973700,parsers.R@2026-08-17 / outcomes@2026-09-10
class,Female (<=10 Age <11 years),female,mapped,1,1,NCT06138756,parsers.R@2026-08-17 / outcomes@2026-09-10
class,Female (<=11 and <12 years),female,mapped,1,1,NCT06138756,parsers.R@2026-08-17 / outcomes@2026-09-10
class,Female (<=6 and <7 years),female,mapped,1,1,NCT06138756,parsers.R@2026-08-17 / outcomes@2026-09-10
class,Female (<=60 yrs),female,mapped,1,1,NCT00841763,parsers.R@2026-08-17 / outcomes@2026-09-10
class,Female (<=7 and <8),female,mapped,1,1,NCT06138756,parsers.R@2026-08-17 / outcomes@2026-09-10
class,Female (<=8 and <9 years),female,mapped,1,1,NCT06138756,parsers.R@2026-08-17 / outcomes@2026-09-10
class,Female (<=9 and <10 years),female,mapped,1,1,NCT06138756,parsers.R@2026-08-17 / outcomes@2026-09-10
class,Female (>60 yrs),female,mapped,1,1,NCT00841763,parsers.R@2026-08-17 / outcomes@2026-09-10
class,Female (All Participants),female,mapped,1,1,NCT00705614,parsers.R@2026-08-17 / outcomes@2026-09-10
class,"Female (Base Study 310, NCT00477295)",female,mapped,1,1,NCT00848549,parsers.R@2026-08-17 / outcomes@2026-09-10
class,Female (Cohort 1),female,mapped,1,1,NCT00695955,parsers.R@2026-08-17 / outcomes@2026-09-10
class,Female (Cohort 2),female,mapped,1,1,NCT00695955,parsers.R@2026-08-17 / outcomes@2026-09-10
class,Female (Cohort I),female,mapped,1,1,NCT00100048,parsers.R@2026-08-17 / outcomes@2026-09-10
class,Female (Cohort II),female,mapped,1,1,NCT00100048,parsers.R@2026-08-17 / outcomes@2026-09-10
class,Female (Comparison 5),female,mapped,1,1,NCT07513259,parsers.R@2026-08-17 / outcomes@2026-09-10
class,Female (Double Blind Phase),female,mapped,1,1,NCT00591578,parsers.R@2026-08-17 / outcomes@2026-09-10
class,Female (Double-blind Period),female,mapped,1,1,NCT00596817,parsers.R@2026-08-17 / outcomes@2026-09-10
class,Female (EAP),female,mapped,1,1,NCT01191255,parsers.R@2026-08-17 / outcomes@2026-09-10
class,"Female (Extension Study 314, NCT00848549)",female,mapped,1,1,NCT00848549,parsers.R@2026-08-17 / outcomes@2026-09-10
class,Female (Morphine (Maintenance),female,mapped,1,1,NCT00505414,parsers.R@2026-08-17 / outcomes@2026-09-10
class,Female (NSCLC patients),female,mapped,1,1,NCT00527735,parsers.R@2026-08-17 / outcomes@2026-09-10
class,Female (Open Label Phase),female,mapped,1,1,NCT00591578,parsers.R@2026-08-17 / outcomes@2026-09-10
class,Female (Open-label Period),female,mapped,1,1,NCT00596817,parsers.R@2026-08-17 / outcomes@2026-09-10
class,Female (Part A),female,mapped,1,1,NCT01325428,parsers.R@2026-08-17 / outcomes@2026-09-10
class,Female (Part B),female,mapped,1,1,NCT01325428,parsers.R@2026-08-17 / outcomes@2026-09-10
class,Female (Patients),female,mapped,1,1,NCT04746794,parsers.R@2026-08-17 / outcomes@2026-09-10
class,Female (Placebo Maintenance),female,mapped,1,1,NCT00505414,parsers.R@2026-08-17 / outcomes@2026-09-10
class,Female (Providers and Clinic Leaders),female,mapped,1,1,NCT04746794,parsers.R@2026-08-17 / outcomes@2026-09-10
class,Female (Randomization Phase),female,mapped,1,1,NCT00557830,parsers.R@2026-08-17 / outcomes@2026-09-10
class,Female (SAP),female,mapped,1,1,NCT01191255,parsers.R@2026-08-17 / outcomes@2026-09-10
class,Female (SCLC patients),female,mapped,1,1,NCT00527735,parsers.R@2026-08-17 / outcomes@2026-09-10
class,Female (Screening Treatment Phase),female,mapped,1,1,NCT00557830,parsers.R@2026-08-17 / outcomes@2026-09-10
class,Female (Sex assigned at birth),female,mapped,1,1,NCT05136599,parsers.R@2026-08-17 / outcomes@2026-09-10
class,Female (Switched to Remicade),female,mapped,1,1,NCT00705614,parsers.R@2026-08-17 / outcomes@2026-09-10
class,Female (Tapentadol Maintenance),female,mapped,1,1,NCT00505414,parsers.R@2026-08-17 / outcomes@2026-09-10
class,Female (Titration),female,mapped,1,1,NCT00505414,parsers.R@2026-08-17 / outcomes@2026-09-10
class,Female (long term study),female,mapped,1,1,NCT00577096,parsers.R@2026-08-17 / outcomes@2026-09-10
class,Female (residents),female,mapped,1,1,NCT04732819,parsers.R@2026-08-17 / outcomes@2026-09-10
class,Female (short term study),female,mapped,1,1,NCT00577096,parsers.R@2026-08-17 / outcomes@2026-09-10
class,Female (≤60 years of age),female,mapped,1,1,NCT00620815,parsers.R@2026-08-17 / outcomes@2026-09-10
class,Female (≥51 Years),female,mapped,1,1,NCT01680016,parsers.R@2026-08-17 / outcomes@2026-09-10
class,Female (≥6 to ≤17 Years),female,mapped,1,1,NCT01680016,parsers.R@2026-08-17 / outcomes@2026-09-10
class,Female (≥61 years of age),female,mapped,1,1,NCT00620815,parsers.R@2026-08-17 / outcomes@2026-09-10
class,Female + Male,female,mapped,1,1,NCT05307679,parsers.R@2026-08-17 / outcomes@2026-09-10
category,Female - Child-bearing Potential,female,mapped,1,1,NCT02030938,parsers.R@2026-08-17 / outcomes@2026-09-10
category,Female - Non Child-bearing Potential,female,mapped,1,1,NCT02030938,parsers.R@2026-08-17 / outcomes@2026-09-10
class,Female - SPARC,female,mapped,1,1,NCT02675777,parsers.R@2026-08-17 / outcomes@2026-09-10
class,Female - Usual,female,mapped,1,1,NCT02675777,parsers.R@2026-08-17 / outcomes@2026-09-10
class,Female 40 months,female,mapped,1,1,NCT00601731,parsers.R@2026-08-17 / outcomes@2026-09-10
class,Female 60 months,female,mapped,1,1,NCT00601731,parsers.R@2026-08-17 / outcomes@2026-09-10
class,Female : No retinopathy,female,mapped,1,1,NCT02823600,parsers.R@2026-08-17 / outcomes@2026-09-10
class,Female : Retinopathy with referral,female,mapped,1,1,NCT02823600,parsers.R@2026-08-17 / outcomes@2026-09-10
class,Female : Retinopathy without referral,female,mapped,1,1,NCT02823600,parsers.R@2026-08-17 / outcomes@2026-09-10
class,Female Able to bear children,female,mapped,1,1,NCT02186821,parsers.R@2026-08-17 / outcomes@2026-09-10
class,Female Adolescents,female,mapped,1,1,NCT02145156,parsers.R@2026-08-17 / outcomes@2026-09-10
class,Female Caregivers,female,mapped,1,1,NCT02021565,parsers.R@2026-08-17 / outcomes@2026-09-10
class,Female Child,female,mapped,1,1,NCT02342535,parsers.R@2026-08-17 / outcomes@2026-09-10
class,Female Donor,female,mapped,1,1,NCT01773395,parsers.R@2026-08-17 / outcomes@2026-09-10
class,Female Female,female,mapped,1,1,NCT04110314,parsers.R@2026-08-17 / outcomes@2026-09-10
class,Female Gender,female,mapped,1,1,NCT01579214,parsers.R@2026-08-17 / outcomes@2026-09-10
class,Female Parent,female,mapped,1,1,NCT02342535,parsers.R@2026-08-17 / outcomes@2026-09-10
class,Female Participants,female,mapped,1,1,NCT03719287,parsers.R@2026-08-17 / outcomes@2026-09-10
class,Female Participants 11-14 year old age group,female,mapped,1,1,NCT01823341,parsers.R@2026-08-17 / outcomes@2026-09-10
class,Female Participants 4-10 year old age group,female,mapped,1,1,NCT01823341,parsers.R@2026-08-17 / outcomes@2026-09-10
class,Female Postmenopausal,female,mapped,1,1,NCT02186821,parsers.R@2026-08-17 / outcomes@2026-09-10
class,Female Premenarche,female,mapped,1,1,NCT02186821,parsers.R@2026-08-17 / outcomes@2026-09-10
class,Female Sterile of child bearing age,female,mapped,1,1,NCT02186821,parsers.R@2026-08-17 / outcomes@2026-09-10
class,Female Subjects,female,mapped,1,1,NCT03214640,parsers.R@2026-08-17 / outcomes@2026-09-10
class,Female Young Adults,female,mapped,1,1,NCT02145156,parsers.R@2026-08-17 / outcomes@2026-09-10
class,Female amended protocol,female,mapped,1,1,NCT01253135,parsers.R@2026-08-17 / outcomes@2026-09-10
class,Female and Non-binary,gender_diverse,mapped,1,1,NCT03995225,parsers.R@2026-08-17 / outcomes@2026-09-10
category,Female and male,female,mapped,1,1,NCT05215951,parsers.R@2026-08-17 / outcomes@2026-09-10
class,Female at birth,female,mapped,1,1,NCT03279731,parsers.R@2026-08-17 / outcomes@2026-09-10
category,Female children,female,mapped,1,1,NCT02684903,parsers.R@2026-08-17 / outcomes@2026-09-10
category,Female donor / Female Recipient,female,mapped,1,1,NCT02208037,parsers.R@2026-08-17 / outcomes@2026-09-10
category,Female donor / Male Recipient,female,mapped,1,1,NCT02208037,parsers.R@2026-08-17 / outcomes@2026-09-10
class,"Female donor, male recipient",female,mapped,1,1,NCT00745420,parsers.R@2026-08-17 / outcomes@2026-09-10
class,Female entire study population,female,mapped,1,1,NCT01253135,parsers.R@2026-08-17 / outcomes@2026-09-10
class,Female not on testosterone or male on feminizing hormone,female,mapped,1,1,NCT05099965,parsers.R@2026-08-17 / outcomes@2026-09-10
category,Female not taking testosterone (or do not know),female,mapped,1,1,NCT04840199,parsers.R@2026-08-17 / outcomes@2026-09-10
class,Female on testosterone or male not on feminizing hormone,female,mapped,1,1,NCT05099965,parsers.R@2026-08-17 / outcomes@2026-09-10
category,Female only,female,mapped,1,1,NCT04363320,parsers.R@2026-08-17 / outcomes@2026-09-10
class,Female or Male,female,mapped,1,1,NCT00780572,parsers.R@2026-08-17 / outcomes@2026-09-10
class,Female participants number,female,mapped,1,1,NCT04096963,parsers.R@2026-08-17 / outcomes@2026-09-10
category,Female postmenopausal,female,mapped,1,1,NCT03147287,parsers.R@2026-08-17 / outcomes@2026-09-10
class,Female practitioners,female,mapped,1,1,NCT05627596,parsers.R@2026-08-17 / outcomes@2026-09-10
category,Female premenopausal,female,mapped,1,1,NCT03147287,parsers.R@2026-08-17 / outcomes@2026-09-10
category,Female to Male,female,mapped,1,1,NCT03378570,parsers.R@2026-08-17 / outcomes@2026-09-10
category,Female to Male Transgender,ambiguous,mapped,1,1,NCT03985813,parsers.R@2026-08-17 / outcomes@2026-09-10
category,Female to male (transgender),ambiguous,mapped,1,1,NCT04016558,parsers.R@2026-08-17 / outcomes@2026-09-10
class,Female to male transgender (FTM),ambiguous,mapped,1,1,NCT04498143,parsers.R@2026-08-17 / outcomes@2026-09-10
class,Female with childbearing potential,female,mapped,1,1,NCT05975905,parsers.R@2026-08-17 / outcomes@2026-09-10
class,Female without childbearing potential,female,mapped,1,1,NCT05975905,parsers.R@2026-08-17 / outcomes@2026-09-10
class,Female(18 to 64 or ≥65 yrs),female,mapped,1,1,NCT00973349,parsers.R@2026-08-17 / outcomes@2026-09-10
class,"Female, %",female,mapped,1,1,NCT03818659,parsers.R@2026-08-17 / outcomes@2026-09-10
class,"Female, Acute Phase",female,mapped,1,1,NCT02088073,parsers.R@2026-08-17 / outcomes@2026-09-10
class,"Female, Ages 12-17",female,mapped,1,1,NCT00796315,parsers.R@2026-08-17 / outcomes@2026-09-10
class,"Female, Ages 2-5",female,mapped,1,1,NCT00796315,parsers.R@2026-08-17 / outcomes@2026-09-10
class,"Female, Ages 6-11",female,mapped,1,1,NCT00796315,parsers.R@2026-08-17 / outcomes@2026-09-10
class,"Female, Maintenance Phase",female,mapped,1,1,NCT02088073,parsers.R@2026-08-17 / outcomes@2026-09-10
class,"Female, Micardis®/MicardisPlus®",female,mapped,1,1,NCT01108796,parsers.R@2026-08-17 / outcomes@2026-09-10
class,"Female, Overall Study",female,mapped,1,1,NCT01390909,parsers.R@2026-08-17 / outcomes@2026-09-10
class,"Female, Part 1",female,mapped,1,1,NCT02743780,parsers.R@2026-08-17 / outcomes@2026-09-10
class,"Female, Part 2",female,mapped,1,1,NCT02743780,parsers.R@2026-08-17 / outcomes@2026-09-10
class,"Female, Part 3",female,mapped,1,1,NCT02743780,parsers.R@2026-08-17 / outcomes@2026-09-10
class,"Female, Part A",female,mapped,1,1,NCT00306891,parsers.R@2026-08-17 / outcomes@2026-09-10
class,"Female, Part B",female,mapped,1,1,NCT00306891,parsers.R@2026-08-17 / outcomes@2026-09-10
class,"Female, Subgroup",female,mapped,1,1,NCT01390909,parsers.R@2026-08-17 / outcomes@2026-09-10
class,"Female, Tool/No Tool",female,mapped,1,1,NCT01108796,parsers.R@2026-08-17 / outcomes@2026-09-10
class,"Female, Woman, Feminine, Trans Woman",ambiguous,mapped,1,1,NCT04927845,parsers.R@2026-08-17 / outcomes@2026-09-10
category,Female-Female,female,mapped,1,1,NCT00448357,parsers.R@2026-08-17 / outcomes@2026-09-10
category,Female-Male,female,mapped,1,1,NCT00448357,parsers.R@2026-08-17 / outcomes@2026-09-10
class,Female-female,female,mapped,1,1,NCT01163786,parsers.R@2026-08-17 / outcomes@2026-09-10
class,Female-male,female,mapped,1,1,NCT01163786,parsers.R@2026-08-17 / outcomes@2026-09-10
class,Female/Boy/Man,female,mapped,1,1,NCT05934396,parsers.R@2026-08-17 / outcomes@2026-09-10
class,Female/Female,female,mapped,1,1,NCT01743131,parsers.R@2026-08-17 / outcomes@2026-09-10
class,Female/Girl/Woman,female,mapped,1,1,NCT05934396,parsers.R@2026-08-17 / outcomes@2026-09-10
class,Female/Identifies in Some Other Way,gender_diverse,mapped,1,1,NCT05934396,parsers.R@2026-08-17 / outcomes@2026-09-10
class,Female/Male,female,mapped,1,1,NCT01743131,parsers.R@2026-08-17 / outcomes@2026-09-10
class,Female/Male/Other,gender_diverse,mapped,1,1,NCT05899413,parsers.R@2026-08-17 / outcomes@2026-09-10
category,Female/Transfemale,female,mapped,1,1,NCT03213366,parsers.R@2026-08-17 / outcomes@2026-09-10
class,Female/Transgender,ambiguous,mapped,1,1,NCT05934396,parsers.R@2026-08-17 / outcomes@2026-09-10
class,Female/woman,female,mapped,1,1,NCT04565951,parsers.R@2026-08-17 / outcomes@2026-09-10
category,Female/woman or gender minority,gender_diverse,mapped,1,1,NCT05139927,parsers.R@2026-08-17 / outcomes@2026-09-10
class,Female:Female,female,mapped,1,1,NCT00572897,parsers.R@2026-08-17 / outcomes@2026-09-10
class,Female:Male,female,mapped,1,1,NCT00572897,parsers.R@2026-08-17 / outcomes@2026-09-10
class,Female_Core Study,female,mapped,1,1,NCT00395629,parsers.R@2026-08-17 / outcomes@2026-09-10
class,Female_Extension Study,female,mapped,1,1,NCT00395629,parsers.R@2026-08-17 / outcomes@2026-09-10
class,Females - Baseline,female,mapped,1,1,NCT00980980,parsers.R@2026-08-17 / outcomes@2026-09-10
class,Females - Intervention,female,mapped,1,1,NCT00980980,parsers.R@2026-08-17 / outcomes@2026-09-10
class,Females <= 50 years,female,mapped,1,1,NCT02265744,parsers.R@2026-08-17 / outcomes@2026-09-10
class,Females > 50 years,female,mapped,1,1,NCT02265744,parsers.R@2026-08-17 / outcomes@2026-09-10
class,Females >14 yrs,female,mapped,1,1,NCT01146496,parsers.R@2026-08-17 / outcomes@2026-09-10
class,Females Double Blind,female,mapped,1,1,NCT00292370,parsers.R@2026-08-17 / outcomes@2026-09-10
class,Females Known,female,mapped,1,1,NCT01643525,parsers.R@2026-08-17 / outcomes@2026-09-10
class,Females and males,female,mapped,1,1,NCT01900847,parsers.R@2026-08-17 / outcomes@2026-09-10
class,Females entered at baseline,female,mapped,1,1,NCT00774202,parsers.R@2026-08-17 / outcomes@2026-09-10
class,Feminine/femme or transfeminine,gender_diverse,mapped,1,1,NCT06001307,parsers.R@2026-08-17 / outcomes@2026-09-10
class,First line,,unrecognized,1,1,NCT03193866,parsers.R@2026-08-17 / outcomes@2026-09-10
class,Flaxseed and Placebo Period,,unrecognized,1,1,NCT00956813,parsers.R@2026-08-17 / outcomes@2026-09-10
class,Flu A,,unrecognized,1,1,NCT06141824,parsers.R@2026-08-17 / outcomes@2026-09-10
class,Flu B,,unrecognized,1,1,NCT06141824,parsers.R@2026-08-17 / outcomes@2026-09-10
category,Fluid,gender_diverse,mapped,1,1,NCT05692960,parsers.R@2026-08-17 / outcomes@2026-09-10
class,Fluid,gender_diverse,mapped,1,1,NCT05984966,parsers.R@2026-08-17 / outcomes@2026-09-10
class,Fluid / Non-Binary,gender_diverse,mapped,1,1,NCT03360695,parsers.R@2026-08-17 / outcomes@2026-09-10
class,Frail,,unrecognized,1,1,NCT03354546,parsers.R@2026-08-17 / outcomes@2026-09-10
class,Frequent sexual activity (3+ times/week),,unrecognized,1,1,NCT03058835,parsers.R@2026-08-17 / outcomes@2026-09-10
category,Frequently / always,,unrecognized,1,1,NCT02516202,parsers.R@2026-08-17 / outcomes@2026-09-10
class,Full analysis set (FAS),,unrecognized,1,1,NCT02391116,parsers.R@2026-08-17 / outcomes@2026-09-10
class,GA28948 Population,,unrecognized,1,1,NCT02163759,parsers.R@2026-08-17 / outcomes@2026-09-10
class,GA28949 Population,,unrecognized,1,1,NCT02171429,parsers.R@2026-08-17 / outcomes@2026-09-10
category,GAY/LESBIAN/HOMOSEXUAL,,sexual_orientation,1,1,NCT04804072,parsers.R@2026-08-17 / outcomes@2026-09-10
class,GHB/GBL,,unrecognized,1,1,NCT06187415,parsers.R@2026-08-17 / outcomes@2026-09-10
class,GI perforation/obstruction,,unrecognized,1,1,NCT06790420,parsers.R@2026-08-17 / outcomes@2026-09-10
class,GIST,,unrecognized,1,1,NCT00464620,parsers.R@2026-08-17 / outcomes@2026-09-10
class,GIST - Sunitinib,,unrecognized,1,1,NCT00700258,parsers.R@2026-08-17 / outcomes@2026-09-10
class,Gamblers,,unrecognized,1,1,NCT02240485,parsers.R@2026-08-17 / outcomes@2026-09-10
class,Gastric/GEJ,,unrecognized,1,1,NCT04208958,parsers.R@2026-08-17 / outcomes@2026-09-10
class,Gay / Lesbian,,sexual_orientation,1,1,NCT03552978,parsers.R@2026-08-17 / outcomes@2026-09-10
category,Gay Male/Bisexual Male,,sexual_orientation,1,1,NCT05645354,parsers.R@2026-08-17 / outcomes@2026-09-10
class,Gay man,,sexual_orientation,1,1,NCT01350544,parsers.R@2026-08-17 / outcomes@2026-09-10
class,Gay man/Men who have sex with men,,sexual_orientation,1,1,NCT05029362,parsers.R@2026-08-17 / outcomes@2026-09-10
category,Gay or lesbian,,sexual_orientation,1,1,NCT04762537,parsers.R@2026-08-17 / outcomes@2026-09-10
class,Gay woman,,sexual_orientation,1,1,NCT01350544,parsers.R@2026-08-17 / outcomes@2026-09-10
category,"Gay, homosexual, same gender loving",,sexual_orientation,1,1,NCT04413708,parsers.R@2026-08-17 / outcomes@2026-09-10
category,"Gay, lesbian, homosexual",,sexual_orientation,1,1,NCT06281171,parsers.R@2026-08-17 / outcomes@2026-09-10
category,"Gay, queer, or same gender loving",,sexual_orientation,1,1,NCT03242954,parsers.R@2026-08-17 / outcomes@2026-09-10
class,Gay/Homosexual,,sexual_orientation,1,1,NCT01687218,parsers.R@2026-08-17 / outcomes@2026-09-10
class,Gay/Lesbian,,sexual_orientation,1,1,NCT05020353,parsers.R@2026-08-17 / outcomes@2026-09-10
category,Gay/Lesbian/Homosexual,,sexual_orientation,1,1,NCT04047420,parsers.R@2026-08-17 / outcomes@2026-09-10
category,Gay/Lesbian/Queer,,sexual_orientation,1,1,NCT02751983,parsers.R@2026-08-17 / outcomes@2026-09-10
class,Gay/Lesbian/Queer/Bisexual,,sexual_orientation,1,1,NCT03760731,parsers.R@2026-08-17 / outcomes@2026-09-10
category,Gay/Queer,,sexual_orientation,1,1,NCT03577301,parsers.R@2026-08-17 / outcomes@2026-09-10
class,Gender (Female),female,mapped,1,1,NCT02382003,parsers.R@2026-08-17 / outcomes@2026-09-10
class,Gender (female),female,mapped,1,1,NCT02610192,parsers.R@2026-08-17 / outcomes@2026-09-10
class,"Gender (female, male)",female,mapped,1,1,NCT04818138,parsers.R@2026-08-17 / outcomes@2026-09-10
class,Gender (male),male,mapped,1,1,NCT01277783,parsers.R@2026-08-17 / outcomes@2026-09-10
class,Gender - Self Described,gender_diverse,mapped,1,1,NCT03254940,parsers.R@2026-08-17 / outcomes@2026-09-10
class,Gender : Non-binary,gender_diverse,mapped,1,1,NCT06119854,parsers.R@2026-08-17 / outcomes@2026-09-10
class,Gender : Unknown or Not Reported,unknown,mapped,1,1,NCT02610725,parsers.R@2026-08-17 / outcomes@2026-09-10
class,Gender Categorical,,unrecognized,1,1,NCT00547248,parsers.R@2026-08-17 / outcomes@2026-09-10
class,Gender Distribution,,unrecognized,1,1,NCT05294640,parsers.R@2026-08-17 / outcomes@2026-09-10
category,Gender Diverse,gender_diverse,mapped,1,1,NCT04536935,parsers.R@2026-08-17 / outcomes@2026-09-10
class,Gender Female,female,mapped,1,1,NCT04722250,parsers.R@2026-08-17 / outcomes@2026-09-10
class,Gender Identity : Boy/Man,male,mapped,1,1,NCT05462652,parsers.R@2026-08-17 / outcomes@2026-09-10
class,Gender Identity : Cisgender Man,ambiguous,mapped,1,1,NCT04559698,parsers.R@2026-08-17 / outcomes@2026-09-10
class,Gender Identity : Cisgender Woman,ambiguous,mapped,1,1,NCT04559698,parsers.R@2026-08-17 / outcomes@2026-09-10
class,Gender Identity : Gender Non-Binary,gender_diverse,mapped,1,1,NCT04559698,parsers.R@2026-08-17 / outcomes@2026-09-10
class,Gender Identity : Gender Non-Conforming,gender_diverse,mapped,1,1,NCT04559698,parsers.R@2026-08-17 / outcomes@2026-09-10
class,Gender Identity : Genderqueer,gender_diverse,mapped,1,1,NCT04559698,parsers.R@2026-08-17 / outcomes@2026-09-10
class,Gender Identity : Girl/Woman,female,mapped,1,1,NCT05462652,parsers.R@2026-08-17 / outcomes@2026-09-10
class,Gender Identity : I prefer not to say,unknown,mapped,1,1,NCT05462652,parsers.R@2026-08-17 / outcomes@2026-09-10
class,Gender Identity : Intersex,gender_diverse,mapped,1,1,NCT05462652,parsers.R@2026-08-17 / outcomes@2026-09-10
class,Gender Identity : Non-binary,gender_diverse,mapped,1,1,NCT05462652,parsers.R@2026-08-17 / outcomes@2026-09-10
class,Gender Identity : Transgender,gender_diverse,mapped,1,1,NCT05462652,parsers.R@2026-08-17 / outcomes@2026-09-10
class,Gender Identity : Transgender Man,ambiguous,mapped,1,1,NCT04559698,parsers.R@2026-08-17 / outcomes@2026-09-10
class,Gender Identity : Transgender Woman,ambiguous,mapped,1,1,NCT04559698,parsers.R@2026-08-17 / outcomes@2026-09-10
class,Gender Male,male,mapped,1,1,NCT04722250,parsers.R@2026-08-17 / outcomes@2026-09-10
class,Gender Missing/Unknown,unknown,mapped,1,1,NCT04757298,parsers.R@2026-08-17 / outcomes@2026-09-10
class,Gender Non-Conforming/Binary,gender_diverse,mapped,1,1,NCT03751020,parsers.R@2026-08-17 / outcomes@2026-09-10
class,Gender Non-binary,gender_diverse,mapped,1,1,NCT05512949,parsers.R@2026-08-17 / outcomes@2026-09-10
class,Gender Non-conforming,gender_diverse,mapped,1,1,NCT05512949,parsers.R@2026-08-17 / outcomes@2026-09-10
category,Gender Non-conforming/Gender Non-Binary,gender_diverse,mapped,1,1,NCT03213366,parsers.R@2026-08-17 / outcomes@2026-09-10
class,"Gender Nonbinary, Nonconforming, Genderqueer",gender_diverse,mapped,1,1,NCT05855655,parsers.R@2026-08-17 / outcomes@2026-09-10
class,Gender Not Collected,unknown,mapped,1,1,NCT01718535,parsers.R@2026-08-17 / outcomes@2026-09-10
class,Gender Not Identified,unknown,mapped,1,1,NCT01794338,parsers.R@2026-08-17 / outcomes@2026-09-10
class,Gender Not Reported,unknown,mapped,1,1,NCT00369564,parsers.R@2026-08-17 / outcomes@2026-09-10
class,Gender Now,,unrecognized,1,1,NCT04014959,parsers.R@2026-08-17 / outcomes@2026-09-10
class,Gender OL Females,female,mapped,1,1,NCT00292370,parsers.R@2026-08-17 / outcomes@2026-09-10
class,Gender OL Males,male,mapped,1,1,NCT00292370,parsers.R@2026-08-17 / outcomes@2026-09-10
class,Gender Queer/Gender Nonconforming,gender_diverse,mapped,1,1,NCT05900700,parsers.R@2026-08-17 / outcomes@2026-09-10
class,Gender Unknown (not collected),unknown,mapped,1,1,NCT02445287,parsers.R@2026-08-17 / outcomes@2026-09-10
class,Gender at Baseline (pre-MDA),,unrecognized,1,1,NCT01905423,parsers.R@2026-08-17 / outcomes@2026-09-10
class,Gender at Birth,,unrecognized,1,1,NCT03636022,parsers.R@2026-08-17 / outcomes@2026-09-10
class,Gender categorical,,unrecognized,1,1,NCT04190693,parsers.R@2026-08-17 / outcomes@2026-09-10
class,Gender different from sex assigned at birth,gender_diverse,mapped,1,1,NCT02800785,parsers.R@2026-08-17 / outcomes@2026-09-10
class,"Gender diverse (transgender, gender queer, nonbinary, gender fluid)",gender_diverse,mapped,1,1,NCT03721276,parsers.R@2026-08-17 / outcomes@2026-09-10
class,Gender expansive,gender_diverse,mapped,1,1,NCT04498143,parsers.R@2026-08-17 / outcomes@2026-09-10
class,Gender identification,,unrecognized,1,1,NCT02043015,parsers.R@2026-08-17 / outcomes@2026-09-10
class,Gender identity not listed,unknown,mapped,1,1,NCT05700383,parsers.R@2026-08-17 / outcomes@2026-09-10
class,Gender information missing,unknown,mapped,1,1,NCT00724373,parsers.R@2026-08-17 / outcomes@2026-09-10
class,Gender information not available,unknown,mapped,1,1,NCT01273038,parsers.R@2026-08-17 / outcomes@2026-09-10
class,Gender information not captured,unknown,mapped,1,1,NCT00727311,parsers.R@2026-08-17 / outcomes@2026-09-10
class,Gender matched transplants,,unrecognized,1,1,NCT00745420,parsers.R@2026-08-17 / outcomes@2026-09-10
category,Gender minority,gender_diverse,mapped,1,1,NCT04625465,parsers.R@2026-08-17 / outcomes@2026-09-10
class,Gender non-binary or fluid,gender_diverse,mapped,1,1,NCT05389657,parsers.R@2026-08-17 / outcomes@2026-09-10
category,Gender non-binary or non-conforming,gender_diverse,mapped,1,1,NCT04036396,parsers.R@2026-08-17 / outcomes@2026-09-10
class,Gender non-conforming,gender_diverse,mapped,1,1,NCT03339206,parsers.R@2026-08-17 / outcomes@2026-09-10
category,Gender non-conforming or non-binary,gender_diverse,mapped,1,1,NCT04621760,parsers.R@2026-08-17 / outcomes@2026-09-10
class,Gender non-conforming/-binary,gender_diverse,mapped,1,1,NCT02929069,parsers.R@2026-08-17 / outcomes@2026-09-10
class,Gender nonbinary,gender_diverse,mapped,1,1,NCT04509076,parsers.R@2026-08-17 / outcomes@2026-09-10
category,Gender nonbinary/Genderfluid/Gender Nonconforming,gender_diverse,mapped,1,1,NCT04742491,parsers.R@2026-08-17 / outcomes@2026-09-10
class,Gender nonconforming,gender_diverse,mapped,1,1,NCT05772702,parsers.R@2026-08-17 / outcomes@2026-09-10
class,Gender nonconforming/Variant,gender_diverse,mapped,1,1,NCT03671239,parsers.R@2026-08-17 / outcomes@2026-09-10
class,Gender not available,unknown,mapped,1,1,NCT00709059,parsers.R@2026-08-17 / outcomes@2026-09-10
class,Gender not recorded,unknown,mapped,1,1,NCT00664742,parsers.R@2026-08-17 / outcomes@2026-09-10
class,Gender of Child,,unrecognized,1,1,NCT05107726,parsers.R@2026-08-17 / outcomes@2026-09-10
class,Gender of Child Participants,,unrecognized,1,1,NCT05209932,parsers.R@2026-08-17 / outcomes@2026-09-10
class,Gender of Parent,,unrecognized,1,1,NCT05107726,parsers.R@2026-08-17 / outcomes@2026-09-10
class,Gender of Parent Participants,,unrecognized,1,1,NCT05209932,parsers.R@2026-08-17 / outcomes@2026-09-10
class,Gender of reference patient,,unrecognized,1,1,NCT04613739,parsers.R@2026-08-17 / outcomes@2026-09-10
class,Gender of study participants,,unrecognized,1,1,NCT03168672,parsers.R@2026-08-17 / outcomes@2026-09-10
category,Gender queer or gender non-conforming,gender_diverse,mapped,1,1,NCT03242954,parsers.R@2026-08-17 / outcomes@2026-09-10
class,Gender self-described as man,gender_diverse,mapped,1,1,NCT03506438,parsers.R@2026-08-17 / outcomes@2026-09-10
class,Gender self-described as woman,gender_diverse,mapped,1,1,NCT03506438,parsers.R@2026-08-17 / outcomes@2026-09-10
category,Gender unknown,unknown,mapped,1,1,NCT01905423,parsers.R@2026-08-17 / outcomes@2026-09-10
class,Gender unspecified,unknown,mapped,1,1,NCT05535777,parsers.R@2026-08-17 / outcomes@2026-09-10
class,"Gender, Self-Report",,unrecognized,1,1,NCT05104450,parsers.R@2026-08-17 / outcomes@2026-09-10
class,"Gender, customized",,unrecognized,1,1,NCT01944462,parsers.R@2026-08-17 / outcomes@2026-09-10
class,"Gender, n",,unrecognized,1,1,NCT02653664,parsers.R@2026-08-17 / outcomes@2026-09-10
class,"Gender, participant reported",,unrecognized,1,1,NCT03291587,parsers.R@2026-08-17 / outcomes@2026-09-10
class,Gender- Female,female,mapped,1,1,NCT00369564,parsers.R@2026-08-17 / outcomes@2026-09-10
class,Gender- Male,male,mapped,1,1,NCT00369564,parsers.R@2026-08-17 / outcomes@2026-09-10
class,Gender-Fluid or Non-Binary,gender_diverse,mapped,1,1,NCT04139642,parsers.R@2026-08-17 / outcomes@2026-09-10
class,Gender-minority,gender_diverse,mapped,1,1,NCT04951544,parsers.R@2026-08-17 / outcomes@2026-09-10
class,"Gender-non-binary, -queer, -non-conforming, -fluid",gender_diverse,mapped,1,1,NCT04927845,parsers.R@2026-08-17 / outcomes@2026-09-10
category,Gender-variant/non-binary,gender_diverse,mapped,1,1,NCT05616676,parsers.R@2026-08-17 / outcomes@2026-09-10
class,Gender: Boy/Man,male,mapped,1,1,NCT05136599,parsers.R@2026-08-17 / outcomes@2026-09-10
class,Gender: Girl/Woman,female,mapped,1,1,NCT05136599,parsers.R@2026-08-17 / outcomes@2026-09-10
class,Gender: Other,gender_diverse,mapped,1,1,NCT05136599,parsers.R@2026-08-17 / outcomes@2026-09-10
class,Gender: Unknown,unknown,mapped,1,1,NCT05136599,parsers.R@2026-08-17 / outcomes@2026-09-10
class,Genderqueer / Gender neutral,gender_diverse,mapped,1,1,NCT03367858,parsers.R@2026-08-17 / outcomes@2026-09-10
class,Genderqueer or Gender Nonconforming,gender_diverse,mapped,1,1,NCT03313310,parsers.R@2026-08-17 / outcomes@2026-09-10
category,Genderqueer or gender nonconforming,gender_diverse,mapped,1,1,NCT04041414,parsers.R@2026-08-17 / outcomes@2026-09-10
class,Genderqueer or genderfluid,gender_diverse,mapped,1,1,NCT04958694,parsers.R@2026-08-17 / outcomes@2026-09-10
category,Genderqueer or non-binary,gender_diverse,mapped,1,1,NCT04870099,parsers.R@2026-08-17 / outcomes@2026-09-10
class,"Genderqueer, gender non-conforming, or non-binary",gender_diverse,mapped,1,1,NCT03320512,parsers.R@2026-08-17 / outcomes@2026-09-10
category,"Genderqueer, neither exclusively male nor female",gender_diverse,mapped,1,1,NCT03910218,parsers.R@2026-08-17 / outcomes@2026-09-10
category,Genderqueer/Gender Non-Conforming,gender_diverse,mapped,1,1,NCT04168645,parsers.R@2026-08-17 / outcomes@2026-09-10
category,Genderqueer/Gender Non-conforming,gender_diverse,mapped,1,1,NCT04974645,parsers.R@2026-08-17 / outcomes@2026-09-10
class,Genderqueer/Gender non-confirming,gender_diverse,mapped,1,1,NCT04153864,parsers.R@2026-08-17 / outcomes@2026-09-10
class,Genderqueer/Gender non-conforming,gender_diverse,mapped,1,1,NCT05906784,parsers.R@2026-08-17 / outcomes@2026-09-10
class,Genderqueer/gender fluid/nonbinary,gender_diverse,mapped,1,1,NCT04973696,parsers.R@2026-08-17 / outcomes@2026-09-10
class,Genderqueer/gender non-conforming,gender_diverse,mapped,1,1,NCT03194256,parsers.R@2026-08-17 / outcomes@2026-09-10
class,Genderqueer/non-binary,gender_diverse,mapped,1,1,NCT04565951,parsers.R@2026-08-17 / outcomes@2026-09-10
class,Genderqueer/non-comforming,gender_diverse,mapped,1,1,NCT03487796,parsers.R@2026-08-17 / outcomes@2026-09-10
class,Germany,,unrecognized,1,1,NCT04924660,parsers.R@2026-08-17 / outcomes@2026-09-10
class,Girl,female,mapped,1,1,NCT03489434,parsers.R@2026-08-17 / outcomes@2026-09-10
category,Girl/Woman,female,mapped,1,1,NCT06425458,parsers.R@2026-08-17 / outcomes@2026-09-10
category,Girl/Young woman,female,mapped,1,1,NCT03852550,parsers.R@2026-08-17 / outcomes@2026-09-10
class,Girl/woman,female,mapped,1,1,NCT05781503,parsers.R@2026-08-17 / outcomes@2026-09-10
class,Glycemic Control Study,,unrecognized,1,1,NCT00542178,parsers.R@2026-08-17 / outcomes@2026-09-10
class,Gonorrhea,,unrecognized,1,1,NCT03881007,parsers.R@2026-08-17 / outcomes@2026-09-10
class,Got-Aglu Field Station,,unrecognized,1,1,NCT00223990,parsers.R@2026-08-17 / outcomes@2026-09-10
class,Grandmother,,structural_or_group,1,1,NCT03797898,parsers.R@2026-08-17 / outcomes@2026-09-10
class,Greater than or equal to 1 x month,,unrecognized,1,1,NCT01655498,parsers.R@2026-08-17 / outcomes@2026-09-10
class,Group 1,,unrecognized,1,1,NCT05292534,parsers.R@2026-08-17 / outcomes@2026-09-10
class,Group 2,,unrecognized,1,1,NCT05292534,parsers.R@2026-08-17 / outcomes@2026-09-10
class,"HFD, Jaundice",,unrecognized,1,1,NCT06790420,parsers.R@2026-08-17 / outcomes@2026-09-10
class,HIV Intervention,,unrecognized,1,1,NCT01366495,parsers.R@2026-08-17 / outcomes@2026-09-10
class,HIV Testing,,unrecognized,1,1,NCT01366495,parsers.R@2026-08-17 / outcomes@2026-09-10
class,HIV-positive sexual partner :,,unrecognized,1,1,NCT03058835,parsers.R@2026-08-17 / outcomes@2026-09-10
category,Had no sexual activity in the last half of the year or vaginal sex less than 3 times per one month,,unrecognized,1,1,NCT03894813,parsers.R@2026-08-17 / outcomes@2026-09-10
category,Had receptive sex without a condom in past 3 months,,unrecognized,1,1,NCT03897049,parsers.R@2026-08-17 / outcomes@2026-09-10
category,Had sex with men or were bisexual,,sexual_orientation,1,1,NCT02015637,parsers.R@2026-08-17 / outcomes@2026-09-10
class,Having a sexual partner living with HIV in past 3 months,,unrecognized,1,1,NCT06187415,parsers.R@2026-08-17 / outcomes@2026-09-10
class,He/Him/His,,unrecognized,1,1,NCT03177148,parsers.R@2026-08-17 / outcomes@2026-09-10
class,Healthy Controls,,unrecognized,1,1,NCT05878873,parsers.R@2026-08-17 / outcomes@2026-09-10
class,Healthy Participants,,unrecognized,1,1,NCT00055224,parsers.R@2026-08-17 / outcomes@2026-09-10
class,Healthy Volunteers,,unrecognized,1,1,NCT00047853,parsers.R@2026-08-17 / outcomes@2026-09-10
class,Healthy volunteers,,unrecognized,1,1,NCT00026559,parsers.R@2026-08-17 / outcomes@2026-09-10
class,Heterosexual (straight),,sexual_orientation,1,1,NCT05897827,parsers.R@2026-08-17 / outcomes@2026-09-10
class,Heterosexual Male,,sexual_orientation,1,1,NCT00924898,parsers.R@2026-08-17 / outcomes@2026-09-10
category,Heterosexual Males (HM),,sexual_orientation,1,1,NCT04635423,parsers.R@2026-08-17 / outcomes@2026-09-10
class,Heterosexual or Other,gender_diverse,mapped,1,1,NCT03535337,parsers.R@2026-08-17 / outcomes@2026-09-10
category,Heterosexual or Straight,,sexual_orientation,1,1,NCT04881942,parsers.R@2026-08-17 / outcomes@2026-09-10
category,Heterosexual or straight,,sexual_orientation,1,1,NCT04762537,parsers.R@2026-08-17 / outcomes@2026-09-10
class,Heterosexual or straight,,sexual_orientation,1,1,NCT05512949,parsers.R@2026-08-17 / outcomes@2026-09-10
class,History of STI :,,unrecognized,1,1,NCT03058835,parsers.R@2026-08-17 / outcomes@2026-09-10
class,Home-Based Trust,,unrecognized,1,1,NCT02354482,parsers.R@2026-08-17 / outcomes@2026-09-10
category,Homosexual or gay,,sexual_orientation,1,1,NCT03842436,parsers.R@2026-08-17 / outcomes@2026-09-10
category,Homosexual/gay/lesbian,,sexual_orientation,1,1,NCT05609032,parsers.R@2026-08-17 / outcomes@2026-09-10
category,Homosexual/lesbian,,sexual_orientation,1,1,NCT03624972,parsers.R@2026-08-17 / outcomes@2026-09-10
category,Homosexual/lesbian/gay,,sexual_orientation,1,1,NCT03930797,parsers.R@2026-08-17 / outcomes@2026-09-10
class,Hormonal Score,,unrecognized,1,1,NCT03716739,parsers.R@2026-08-17 / outcomes@2026-09-10
class,Hospital-Based Trust,,unrecognized,1,1,NCT02354482,parsers.R@2026-08-17 / outcomes@2026-09-10
class,Human Thrombin,,unrecognized,1,1,NCT02014402,parsers.R@2026-08-17 / outcomes@2026-09-10
class,Hypotension,,unrecognized,1,1,NCT06790420,parsers.R@2026-08-17 / outcomes@2026-09-10
class,Hypoxic Ventilatory Response Analysis Population,,unrecognized,1,1,NCT00732199,parsers.R@2026-08-17 / outcomes@2026-09-10
category,I prefer not to answer / No response,unknown,mapped,1,1,NCT03239665,parsers.R@2026-08-17 / outcomes@2026-09-10
class,IDE Cohort,,structural_or_group,1,1,NCT03055858,parsers.R@2026-08-17 / outcomes@2026-09-10
class,IH and Narcolepsy cohorts,,unrecognized,1,1,NCT05875974,parsers.R@2026-08-17 / outcomes@2026-09-10
class,IL-1: Female,female,mapped,1,1,NCT04330638,parsers.R@2026-08-17 / outcomes@2026-09-10
class,IL-1: Male,male,mapped,1,1,NCT04330638,parsers.R@2026-08-17 / outcomes@2026-09-10
class,IL-6: Female,female,mapped,1,1,NCT04330638,parsers.R@2026-08-17 / outcomes@2026-09-10
class,IL-6: Male,male,mapped,1,1,NCT04330638,parsers.R@2026-08-17 / outcomes@2026-09-10
class,INB,,unrecognized,1,1,NCT03086213,parsers.R@2026-08-17 / outcomes@2026-09-10
class,ITT,,unrecognized,1,1,NCT04796935,parsers.R@2026-08-17 / outcomes@2026-09-10
class,ITT/Safety Population,,unrecognized,1,1,NCT03861169,parsers.R@2026-08-17 / outcomes@2026-09-10
class,Identified Gender,,unrecognized,1,1,NCT04286867,parsers.R@2026-08-17 / outcomes@2026-09-10
category,Identified as another gender,gender_diverse,mapped,1,1,NCT04286867,parsers.R@2026-08-17 / outcomes@2026-09-10
class,"Identified as transgender, gender nonconforming, non-binary, or not sure/questioning (TGNCNB)",unknown,mapped,1,1,NCT03628287,parsers.R@2026-08-17 / outcomes@2026-09-10
class,Identify as Female,female,mapped,1,1,NCT03801174,parsers.R@2026-08-17 / outcomes@2026-09-10
class,Identify as Male,male,mapped,1,1,NCT03801174,parsers.R@2026-08-17 / outcomes@2026-09-10
category,Identify in another way,gender_diverse,mapped,1,1,NCT02633267,parsers.R@2026-08-17 / outcomes@2026-09-10
class,Implementation,,unrecognized,1,1,NCT01875861,parsers.R@2026-08-17 / outcomes@2026-09-10
class,In-hospital,,unrecognized,1,1,NCT02004366,parsers.R@2026-08-17 / outcomes@2026-09-10
class,Index Clients,,unrecognized,1,1,NCT05343390,parsers.R@2026-08-17 / outcomes@2026-09-10
class,Index TB participants,,unrecognized,1,1,NCT04520113,parsers.R@2026-08-17 / outcomes@2026-09-10
class,Index children,,unrecognized,1,1,NCT04059185,parsers.R@2026-08-17 / outcomes@2026-09-10
class,India,,unrecognized,1,1,NCT00440999,parsers.R@2026-08-17 / outcomes@2026-09-10
class,Indolent,,unrecognized,1,1,NCT00464620,parsers.R@2026-08-17 / outcomes@2026-09-10
class,Indonesia/Maumere,,unrecognized,1,1,NCT00440999,parsers.R@2026-08-17 / outcomes@2026-09-10
class,Induction Period,,unrecognized,1,1,NCT02435992,parsers.R@2026-08-17 / outcomes@2026-09-10
class,Induction Phase - Female,female,mapped,1,1,NCT00377637,parsers.R@2026-08-17 / outcomes@2026-09-10
class,Induction Phase - Male,male,mapped,1,1,NCT00377637,parsers.R@2026-08-17 / outcomes@2026-09-10
class,Induction phase,,unrecognized,1,1,NCT03341962,parsers.R@2026-08-17 / outcomes@2026-09-10
class,Infant,,structural_or_group,1,1,NCT05762835,parsers.R@2026-08-17 / outcomes@2026-09-10
class,Infant Sex,,unrecognized,1,1,NCT04002908,parsers.R@2026-08-17 / outcomes@2026-09-10
class,Infants (perinates),,unrecognized,1,1,NCT04818112,parsers.R@2026-08-17 / outcomes@2026-09-10
class,Infection,,unrecognized,1,1,NCT06790420,parsers.R@2026-08-17 / outcomes@2026-09-10
class,Infusion reactions,,unrecognized,1,1,NCT06790420,parsers.R@2026-08-17 / outcomes@2026-09-10
class,Initial Intervention,,unrecognized,1,1,NCT03316950,parsers.R@2026-08-17 / outcomes@2026-09-10
class,Initial Study Phase,,unrecognized,1,1,NCT03738566,parsers.R@2026-08-17 / outcomes@2026-09-10
class,Initial assignment,,unrecognized,1,1,NCT02132195,parsers.R@2026-08-17 / outcomes@2026-09-10
class,Inpatient,,unrecognized,1,1,NCT02455076,parsers.R@2026-08-17 / outcomes@2026-09-10
class,Intention to Treat (ITT): Female,female,mapped,1,1,NCT02618772,parsers.R@2026-08-17 / outcomes@2026-09-10
class,Intention to Treat (ITT): Male,male,mapped,1,1,NCT02618772,parsers.R@2026-08-17 / outcomes@2026-09-10
class,Intercourse satisfaction,,unrecognized,1,1,NCT00351819,parsers.R@2026-08-17 / outcomes@2026-09-10
class,Intervention Group,,unrecognized,1,1,NCT02798354,parsers.R@2026-08-17 / outcomes@2026-09-10
class,Intervention Period,,unrecognized,1,1,NCT06127524,parsers.R@2026-08-17 / outcomes@2026-09-10
class,Intervention Period Sex,,unrecognized,1,1,NCT01070095,parsers.R@2026-08-17 / outcomes@2026-09-10
class,Interventionists,,unrecognized,1,1,NCT03916146,parsers.R@2026-08-17 / outcomes@2026-09-10
class,Intralipid,,unrecognized,1,1,NCT01943409,parsers.R@2026-08-17 / outcomes@2026-09-10
class,Irritable bowel syndrome,,unrecognized,1,1,NCT03834051,parsers.R@2026-08-17 / outcomes@2026-09-10
class,Italy,,unrecognized,1,1,NCT04924660,parsers.R@2026-08-17 / outcomes@2026-09-10
class,JZP-110,,unrecognized,1,1,NCT02348619,parsers.R@2026-08-17 / outcomes@2026-09-10
class,Japanese/East Asian HER/South East Asian HER,,structural_or_group,1,1,NCT01316887,parsers.R@2026-08-17 / outcomes@2026-09-10
class,"Kazakhstan, Astana",,unrecognized,1,1,NCT02143128,parsers.R@2026-08-17 / outcomes@2026-09-10
class,Ketamine,,unrecognized,1,1,NCT03284307,parsers.R@2026-08-17 / outcomes@2026-09-10
class,Kids,,unrecognized,1,1,NCT06548074,parsers.R@2026-08-17 / outcomes@2026-09-10
class,Kinnect to Wellness,,unrecognized,1,1,NCT04037436,parsers.R@2026-08-17 / outcomes@2026-09-10
class,Kitare Field Station,,unrecognized,1,1,NCT00223990,parsers.R@2026-08-17 / outcomes@2026-09-10
class,Known Gender,,unrecognized,1,1,NCT02206035,parsers.R@2026-08-17 / outcomes@2026-09-10
class,Kuoyo-Kowe Field Station,,unrecognized,1,1,NCT00223990,parsers.R@2026-08-17 / outcomes@2026-09-10
category,LGBQ,,unrecognized,1,1,NCT02332239,parsers.R@2026-08-17 / outcomes@2026-09-10
class,LGBTQ+,,unrecognized,1,1,NCT02951455,parsers.R@2026-08-17 / outcomes@2026-09-10
category,LGBTQ+,,unrecognized,1,1,NCT05838027,parsers.R@2026-08-17 / outcomes@2026-09-10
class,LTF and Minute Ventilation Analysis Population,,unrecognized,1,1,NCT00732199,parsers.R@2026-08-17 / outcomes@2026-09-10
class,Lanadelumab Sub-protocol,,unrecognized,1,1,NCT04590586,parsers.R@2026-08-17 / outcomes@2026-09-10
class,Lead-In TP1: Humira (Adalimumab),,unrecognized,1,1,NCT04230213,parsers.R@2026-08-17 / outcomes@2026-09-10
category,Lesbian / Gay,,sexual_orientation,1,1,NCT06213883,parsers.R@2026-08-17 / outcomes@2026-09-10
category,Lesbian or gay,,sexual_orientation,1,1,NCT05372913,parsers.R@2026-08-17 / outcomes@2026-09-10
category,"Lesbian, Gay, or Homosexual",,sexual_orientation,1,1,NCT04278586,parsers.R@2026-08-17 / outcomes@2026-09-10
category,"Lesbian, gay, or homosexual",,sexual_orientation,1,1,NCT05386329,parsers.R@2026-08-17 / outcomes@2026-09-10
category,Lesbian/Gay Woman/ Bisexual Female,,sexual_orientation,1,1,NCT05645354,parsers.R@2026-08-17 / outcomes@2026-09-10
category,Lesbian/Homosexual,,sexual_orientation,1,1,NCT04041414,parsers.R@2026-08-17 / outcomes@2026-09-10
class,Lesbian/gay woman/Women who have sex with women,,sexual_orientation,1,1,NCT05029362,parsers.R@2026-08-17 / outcomes@2026-09-10
class,Less than 1 x per month,,unrecognized,1,1,NCT01655498,parsers.R@2026-08-17 / outcomes@2026-09-10
category,Less than half the time,,unrecognized,1,1,NCT05161689,parsers.R@2026-08-17 / outcomes@2026-09-10
class,Level 1: Lifestyle Modification vs ESG,,unrecognized,1,1,NCT03406975,parsers.R@2026-08-17 / outcomes@2026-09-10
class,Level 2: Crossover Lifestyle to ESG,,unrecognized,1,1,NCT03406975,parsers.R@2026-08-17 / outcomes@2026-09-10
class,Long-Term Surveillance Females,female,mapped,1,1,NCT01083173,parsers.R@2026-08-17 / outcomes@2026-09-10
class,Long-Term Surveillance Males,male,mapped,1,1,NCT01083173,parsers.R@2026-08-17 / outcomes@2026-09-10
class,Lookback Period,,unrecognized,1,1,NCT06127524,parsers.R@2026-08-17 / outcomes@2026-09-10
class,Loved ones,,unrecognized,1,1,NCT04241094,parsers.R@2026-08-17 / outcomes@2026-09-10
class,M or F (not recorded),unknown,mapped,1,1,NCT03488849,parsers.R@2026-08-17 / outcomes@2026-09-10
class,MAD-HS,,unrecognized,1,1,NCT04510090,parsers.R@2026-08-17 / outcomes@2026-09-10
class,MCI/SCD (Older adults with mild cognitive impairment/subjective cognitive decline),unknown,mapped,1,1,NCT04717479,parsers.R@2026-08-17 / outcomes@2026-09-10
class,MCL - Temsirolimus,,unrecognized,1,1,NCT00700258,parsers.R@2026-08-17 / outcomes@2026-09-10
class,MD-CP,,unrecognized,1,1,NCT04510090,parsers.R@2026-08-17 / outcomes@2026-09-10
class,MD-UP,,unrecognized,1,1,NCT04510090,parsers.R@2026-08-17 / outcomes@2026-09-10
class,MDMA,,unrecognized,1,1,NCT06187415,parsers.R@2026-08-17 / outcomes@2026-09-10
class,MDS Cohort,,structural_or_group,1,1,NCT02775903,parsers.R@2026-08-17 / outcomes@2026-09-10
class,MSM,,unrecognized,1,1,NCT05723263,parsers.R@2026-08-17 / outcomes@2026-09-10
category,MST negative,,unrecognized,1,1,NCT02039856,parsers.R@2026-08-17 / outcomes@2026-09-10
category,MST positive,,unrecognized,1,1,NCT02039856,parsers.R@2026-08-17 / outcomes@2026-09-10
class,MTF (transgender),gender_diverse,mapped,1,1,NCT00622440,parsers.R@2026-08-17 / outcomes@2026-09-10
class,Main FIREFLI trial,,unrecognized,1,1,NCT04717258,parsers.R@2026-08-17 / outcomes@2026-09-10
class,Main Protocol,,unrecognized,1,1,NCT04091048,parsers.R@2026-08-17 / outcomes@2026-09-10
class,Main Study Participants,,unrecognized,1,1,NCT02906787,parsers.R@2026-08-17 / outcomes@2026-09-10
class,Main Surveillance Females,female,mapped,1,1,NCT01083173,parsers.R@2026-08-17 / outcomes@2026-09-10
class,Main Surveillance Males,male,mapped,1,1,NCT01083173,parsers.R@2026-08-17 / outcomes@2026-09-10
class,Main cohort,,structural_or_group,1,1,NCT04059484,parsers.R@2026-08-17 / outcomes@2026-09-10
class,Main study,,unrecognized,1,1,NCT04717934,parsers.R@2026-08-17 / outcomes@2026-09-10
class,Main study phase,,unrecognized,1,1,NCT03224234,parsers.R@2026-08-17 / outcomes@2026-09-10
class,Maintenance Period,,unrecognized,1,1,NCT02435992,parsers.R@2026-08-17 / outcomes@2026-09-10
class,Maintenance Phase - Female,female,mapped,1,1,NCT00377637,parsers.R@2026-08-17 / outcomes@2026-09-10
class,Maintenance Phase - Male,male,mapped,1,1,NCT00377637,parsers.R@2026-08-17 / outcomes@2026-09-10
class,"Maintenance Phase, Female",female,mapped,1,1,NCT00603733,parsers.R@2026-08-17 / outcomes@2026-09-10
class,"Maintenance Phase, Male",male,mapped,1,1,NCT00603733,parsers.R@2026-08-17 / outcomes@2026-09-10
class,Maintenance period - Female,female,mapped,1,1,NCT00538863,parsers.R@2026-08-17 / outcomes@2026-09-10
class,Maintenance period - Male,male,mapped,1,1,NCT00538863,parsers.R@2026-08-17 / outcomes@2026-09-10
class,Maintenance phase,,unrecognized,1,1,NCT03341962,parsers.R@2026-08-17 / outcomes@2026-09-10
class,Male (11 to 18 years),male,mapped,1,1,NCT00450437,parsers.R@2026-08-17 / outcomes@2026-09-10
class,Male (12 to <18 years),male,mapped,1,1,NCT01971476,parsers.R@2026-08-17 / outcomes@2026-09-10
class,Male (18 to 64 years),male,mapped,1,1,NCT00973700,parsers.R@2026-08-17 / outcomes@2026-09-10
class,Male (19 to 55 years),male,mapped,1,1,NCT00450437,parsers.R@2026-08-17 / outcomes@2026-09-10
class,Male (2 to <12 years),male,mapped,1,1,NCT01971476,parsers.R@2026-08-17 / outcomes@2026-09-10
class,Male (3 to < 9 years),male,mapped,1,1,NCT00973700,parsers.R@2026-08-17 / outcomes@2026-09-10
class,Male (9 to 17 years),male,mapped,1,1,NCT00973700,parsers.R@2026-08-17 / outcomes@2026-09-10
class,Male (<=10 and <11 years),male,mapped,1,1,NCT06138756,parsers.R@2026-08-17 / outcomes@2026-09-10
class,Male (<=11 and <12 years),male,mapped,1,1,NCT06138756,parsers.R@2026-08-17 / outcomes@2026-09-10
class,Male (<=6 and <7 years),male,mapped,1,1,NCT06138756,parsers.R@2026-08-17 / outcomes@2026-09-10
class,Male (<=60 yrs),male,mapped,1,1,NCT00841763,parsers.R@2026-08-17 / outcomes@2026-09-10
class,Male (<=7 and <8 years),male,mapped,1,1,NCT06138756,parsers.R@2026-08-17 / outcomes@2026-09-10
class,Male (<=8 and <9 years),male,mapped,1,1,NCT06138756,parsers.R@2026-08-17 / outcomes@2026-09-10
class,Male (<=9 and <10 years),male,mapped,1,1,NCT06138756,parsers.R@2026-08-17 / outcomes@2026-09-10
class,Male (>60 yrs),male,mapped,1,1,NCT00841763,parsers.R@2026-08-17 / outcomes@2026-09-10
class,Male (All Participants),male,mapped,1,1,NCT00705614,parsers.R@2026-08-17 / outcomes@2026-09-10
class,"Male (Base Study 310, NCT00477295)",male,mapped,1,1,NCT00848549,parsers.R@2026-08-17 / outcomes@2026-09-10
class,Male (Cohort 1),male,mapped,1,1,NCT00695955,parsers.R@2026-08-17 / outcomes@2026-09-10
class,Male (Cohort 2),male,mapped,1,1,NCT00695955,parsers.R@2026-08-17 / outcomes@2026-09-10
class,Male (Cohort I),male,mapped,1,1,NCT00100048,parsers.R@2026-08-17 / outcomes@2026-09-10
class,Male (Cohort II),male,mapped,1,1,NCT00100048,parsers.R@2026-08-17 / outcomes@2026-09-10
class,Male (Comparison 5),male,mapped,1,1,NCT07513259,parsers.R@2026-08-17 / outcomes@2026-09-10
class,Male (Double Blind Phase),male,mapped,1,1,NCT00591578,parsers.R@2026-08-17 / outcomes@2026-09-10
class,Male (Double-blind Period),male,mapped,1,1,NCT00596817,parsers.R@2026-08-17 / outcomes@2026-09-10
class,Male (EAP),male,mapped,1,1,NCT01191255,parsers.R@2026-08-17 / outcomes@2026-09-10
class,"Male (Extension Study 314, NCT00848549)",male,mapped,1,1,NCT00848549,parsers.R@2026-08-17 / outcomes@2026-09-10
class,Male (Morphine Maintenance),male,mapped,1,1,NCT00505414,parsers.R@2026-08-17 / outcomes@2026-09-10
class,Male (NSCLC patients),male,mapped,1,1,NCT00527735,parsers.R@2026-08-17 / outcomes@2026-09-10
class,Male (Open Label Phase),male,mapped,1,1,NCT00591578,parsers.R@2026-08-17 / outcomes@2026-09-10
class,Male (Open-label Period),male,mapped,1,1,NCT00596817,parsers.R@2026-08-17 / outcomes@2026-09-10
class,Male (Part A),male,mapped,1,1,NCT01325428,parsers.R@2026-08-17 / outcomes@2026-09-10
class,Male (Part B),male,mapped,1,1,NCT01325428,parsers.R@2026-08-17 / outcomes@2026-09-10
class,Male (Patients),male,mapped,1,1,NCT04746794,parsers.R@2026-08-17 / outcomes@2026-09-10
class,Male (Placebo Maintenance),male,mapped,1,1,NCT00505414,parsers.R@2026-08-17 / outcomes@2026-09-10
class,Male (Providers and Clinic Leaders),male,mapped,1,1,NCT04746794,parsers.R@2026-08-17 / outcomes@2026-09-10
class,Male (Randomization Phase),male,mapped,1,1,NCT00557830,parsers.R@2026-08-17 / outcomes@2026-09-10
class,Male (SAP),male,mapped,1,1,NCT01191255,parsers.R@2026-08-17 / outcomes@2026-09-10
class,Male (SCLC patients),male,mapped,1,1,NCT00527735,parsers.R@2026-08-17 / outcomes@2026-09-10
class,Male (Screening Treatment Phase),male,mapped,1,1,NCT00557830,parsers.R@2026-08-17 / outcomes@2026-09-10
class,Male (Sex assigned at birth),male,mapped,1,1,NCT05136599,parsers.R@2026-08-17 / outcomes@2026-09-10
class,Male (Switched to Remicade),male,mapped,1,1,NCT00705614,parsers.R@2026-08-17 / outcomes@2026-09-10
class,Male (Tapentadol Maintenance),male,mapped,1,1,NCT00505414,parsers.R@2026-08-17 / outcomes@2026-09-10
class,Male (Titration),male,mapped,1,1,NCT00505414,parsers.R@2026-08-17 / outcomes@2026-09-10
class,Male (long term study),male,mapped,1,1,NCT00577096,parsers.R@2026-08-17 / outcomes@2026-09-10
class,Male (n),male,mapped,1,1,NCT02020369,parsers.R@2026-08-17 / outcomes@2026-09-10
class,Male (residents),male,mapped,1,1,NCT04732819,parsers.R@2026-08-17 / outcomes@2026-09-10
class,Male (short term study),male,mapped,1,1,NCT00577096,parsers.R@2026-08-17 / outcomes@2026-09-10
class,Male (≤60 years of age),male,mapped,1,1,NCT00620815,parsers.R@2026-08-17 / outcomes@2026-09-10
class,Male (≥51 Years),male,mapped,1,1,NCT01680016,parsers.R@2026-08-17 / outcomes@2026-09-10
class,Male (≥6 to ≤17 Years),male,mapped,1,1,NCT01680016,parsers.R@2026-08-17 / outcomes@2026-09-10
class,Male (≥61 years of age),male,mapped,1,1,NCT00620815,parsers.R@2026-08-17 / outcomes@2026-09-10
class,Male - SPARC,male,mapped,1,1,NCT02675777,parsers.R@2026-08-17 / outcomes@2026-09-10
class,Male - Usual Care,male,mapped,1,1,NCT02675777,parsers.R@2026-08-17 / outcomes@2026-09-10
category,Male / Female,female,mapped,1,1,NCT03419078,parsers.R@2026-08-17 / outcomes@2026-09-10
class,Male 40 months,male,mapped,1,1,NCT00601731,parsers.R@2026-08-17 / outcomes@2026-09-10
class,Male 60 months,male,mapped,1,1,NCT00601731,parsers.R@2026-08-17 / outcomes@2026-09-10
class,Male : No retinopathy,male,mapped,1,1,NCT02823600,parsers.R@2026-08-17 / outcomes@2026-09-10
class,Male : Retinopathy with referral,male,mapped,1,1,NCT02823600,parsers.R@2026-08-17 / outcomes@2026-09-10
class,Male : Retinopathy without referral,male,mapped,1,1,NCT02823600,parsers.R@2026-08-17 / outcomes@2026-09-10
class,Male Adolescents,male,mapped,1,1,NCT02145156,parsers.R@2026-08-17 / outcomes@2026-09-10
class,Male Child,male,mapped,1,1,NCT02342535,parsers.R@2026-08-17 / outcomes@2026-09-10
class,Male Donor,male,mapped,1,1,NCT01773395,parsers.R@2026-08-17 / outcomes@2026-09-10
class,Male Participants 11-14 year old age group,male,mapped,1,1,NCT01823341,parsers.R@2026-08-17 / outcomes@2026-09-10
class,Male Participants 4-10 year old age group,male,mapped,1,1,NCT01823341,parsers.R@2026-08-17 / outcomes@2026-09-10
class,Male Sex at Birth. Identify Female,female,mapped,1,1,NCT00458393,parsers.R@2026-08-17 / outcomes@2026-09-10
class,Male Sex at Birth. Identify Male,male,mapped,1,1,NCT00458393,parsers.R@2026-08-17 / outcomes@2026-09-10
class,Male Sex at Birth. Identify Trans,ambiguous,mapped,1,1,NCT00458393,parsers.R@2026-08-17 / outcomes@2026-09-10
class,Male Veterans,male,mapped,1,1,NCT02021565,parsers.R@2026-08-17 / outcomes@2026-09-10
class,Male Young Adults,male,mapped,1,1,NCT02145156,parsers.R@2026-08-17 / outcomes@2026-09-10
class,Male amended protocol,male,mapped,1,1,NCT01253135,parsers.R@2026-08-17 / outcomes@2026-09-10
category,Male and female,female,mapped,1,1,NCT04550221,parsers.R@2026-08-17 / outcomes@2026-09-10
class,Male assigned at birth only,male,mapped,1,1,NCT05161663,parsers.R@2026-08-17 / outcomes@2026-09-10
class,Male at birth,male,mapped,1,1,NCT03279731,parsers.R@2026-08-17 / outcomes@2026-09-10
category,Male children,male,mapped,1,1,NCT02684903,parsers.R@2026-08-17 / outcomes@2026-09-10
category,Male donor / Female Recipient,female,mapped,1,1,NCT02208037,parsers.R@2026-08-17 / outcomes@2026-09-10
category,Male donor / Male Recipient,male,mapped,1,1,NCT02208037,parsers.R@2026-08-17 / outcomes@2026-09-10
class,"Male donor, female recipient",female,mapped,1,1,NCT00745420,parsers.R@2026-08-17 / outcomes@2026-09-10
class,Male entire study population,male,mapped,1,1,NCT01253135,parsers.R@2026-08-17 / outcomes@2026-09-10
category,Male not taking feminizing hormones (or do not know),male,mapped,1,1,NCT04840199,parsers.R@2026-08-17 / outcomes@2026-09-10
class,Male or man,male,mapped,1,1,NCT04951544,parsers.R@2026-08-17 / outcomes@2026-09-10
class,Male participants,male,mapped,1,1,NCT01397071,parsers.R@2026-08-17 / outcomes@2026-09-10
class,Male participants number,male,mapped,1,1,NCT04096963,parsers.R@2026-08-17 / outcomes@2026-09-10
class,Male patient/Female donor,female,mapped,1,1,NCT00589563,parsers.R@2026-08-17 / outcomes@2026-09-10
class,Male practitioners,male,mapped,1,1,NCT05627596,parsers.R@2026-08-17 / outcomes@2026-09-10
class,Male sex,male,mapped,1,1,NCT01154296,parsers.R@2026-08-17 / outcomes@2026-09-10
class,Male sex and currently identifies as female gender,female,mapped,1,1,NCT06005610,parsers.R@2026-08-17 / outcomes@2026-09-10
class,Male sex at birth,male,mapped,1,1,NCT05027516,parsers.R@2026-08-17 / outcomes@2026-09-10
category,Male to Female Transgender,ambiguous,mapped,1,1,NCT03985813,parsers.R@2026-08-17 / outcomes@2026-09-10
category,Male to female (transgender),ambiguous,mapped,1,1,NCT04016558,parsers.R@2026-08-17 / outcomes@2026-09-10
class,Male(18 to 64 or ≥65 years),male,mapped,1,1,NCT00973349,parsers.R@2026-08-17 / outcomes@2026-09-10
class,"Male, %",male,mapped,1,1,NCT03818659,parsers.R@2026-08-17 / outcomes@2026-09-10
class,"Male, Acute Phase",male,mapped,1,1,NCT02088073,parsers.R@2026-08-17 / outcomes@2026-09-10
class,"Male, Ages 12-17",male,mapped,1,1,NCT00796315,parsers.R@2026-08-17 / outcomes@2026-09-10
class,"Male, Ages 2-5",male,mapped,1,1,NCT00796315,parsers.R@2026-08-17 / outcomes@2026-09-10
class,"Male, Ages 6-11",male,mapped,1,1,NCT00796315,parsers.R@2026-08-17 / outcomes@2026-09-10
class,"Male, Maintenance Phase",male,mapped,1,1,NCT02088073,parsers.R@2026-08-17 / outcomes@2026-09-10
class,"Male, Man, Masculine, Trans Man",ambiguous,mapped,1,1,NCT04927845,parsers.R@2026-08-17 / outcomes@2026-09-10
class,"Male, Micardis®/MicardisPlus®",male,mapped,1,1,NCT01108796,parsers.R@2026-08-17 / outcomes@2026-09-10
class,"Male, Overall Study",male,mapped,1,1,NCT01390909,parsers.R@2026-08-17 / outcomes@2026-09-10
class,"Male, Part 1",male,mapped,1,1,NCT02743780,parsers.R@2026-08-17 / outcomes@2026-09-10
class,"Male, Part 2",male,mapped,1,1,NCT02743780,parsers.R@2026-08-17 / outcomes@2026-09-10
class,"Male, Part 3",male,mapped,1,1,NCT02743780,parsers.R@2026-08-17 / outcomes@2026-09-10
class,"Male, Part A",male,mapped,1,1,NCT00306891,parsers.R@2026-08-17 / outcomes@2026-09-10
class,"Male, Part B",male,mapped,1,1,NCT00306891,parsers.R@2026-08-17 / outcomes@2026-09-10
class,"Male, Subgroup",male,mapped,1,1,NCT01390909,parsers.R@2026-08-17 / outcomes@2026-09-10
class,"Male, Tool/No Tool",male,mapped,1,1,NCT01108796,parsers.R@2026-08-17 / outcomes@2026-09-10
category,Male-Female,female,mapped,1,1,NCT00448357,parsers.R@2026-08-17 / outcomes@2026-09-10
category,Male-Male,male,mapped,1,1,NCT00448357,parsers.R@2026-08-17 / outcomes@2026-09-10
class,Male/Boy/Man,male,mapped,1,1,NCT05934396,parsers.R@2026-08-17 / outcomes@2026-09-10
class,Male/Female/Unknown,unknown,mapped,1,1,NCT04505540,parsers.R@2026-08-17 / outcomes@2026-09-10
class,Male/Male,male,mapped,1,1,NCT01743131,parsers.R@2026-08-17 / outcomes@2026-09-10
class,Male/man,male,mapped,1,1,NCT04565951,parsers.R@2026-08-17 / outcomes@2026-09-10
class,Male:Female,female,mapped,1,1,NCT00572897,parsers.R@2026-08-17 / outcomes@2026-09-10
class,Male:Male,male,mapped,1,1,NCT00572897,parsers.R@2026-08-17 / outcomes@2026-09-10
class,Male_Core Study,male,mapped,1,1,NCT00395629,parsers.R@2026-08-17 / outcomes@2026-09-10
class,Male_Extension Study,male,mapped,1,1,NCT00395629,parsers.R@2026-08-17 / outcomes@2026-09-10
class,Males - Baseline,male,mapped,1,1,NCT00980980,parsers.R@2026-08-17 / outcomes@2026-09-10
class,Males - Intervention,male,mapped,1,1,NCT00980980,parsers.R@2026-08-17 / outcomes@2026-09-10
class,Males Double Blind,male,mapped,1,1,NCT00292370,parsers.R@2026-08-17 / outcomes@2026-09-10
class,Males Known,male,mapped,1,1,NCT01643525,parsers.R@2026-08-17 / outcomes@2026-09-10
category,Males Who Have Sex With Males (MSM),male,mapped,1,1,NCT04635423,parsers.R@2026-08-17 / outcomes@2026-09-10
class,Males and Females,female,mapped,1,1,NCT06655818,parsers.R@2026-08-17 / outcomes@2026-09-10
class,Males entered at Baseline,male,mapped,1,1,NCT00774202,parsers.R@2026-08-17 / outcomes@2026-09-10
class,Man (including transgender men),ambiguous,mapped,1,1,NCT06294145,parsers.R@2026-08-17 / outcomes@2026-09-10
class,"Man, Female-to-Man (FTM)",female,mapped,1,1,NCT05803720,parsers.R@2026-08-17 / outcomes@2026-09-10
category,Man/Boy,male,mapped,2,1,NCT05900115,parsers.R@2026-08-17 / outcomes@2026-09-10
class,Man/Boy,male,mapped,1,1,NCT05129501,parsers.R@2026-08-17 / outcomes@2026-09-10
class,Man/Male,male,mapped,1,1,NCT05922670,parsers.R@2026-08-17 / outcomes@2026-09-10
category,Man/boy,male,mapped,1,1,NCT05372913,parsers.R@2026-08-17 / outcomes@2026-09-10
category,Man/male gender,male,mapped,1,1,NCT05139927,parsers.R@2026-08-17 / outcomes@2026-09-10
class,Manyanda Field Station,,unrecognized,1,1,NCT00223990,parsers.R@2026-08-17 / outcomes@2026-09-10
class,Maternal sex,,unrecognized,1,1,NCT04174521,parsers.R@2026-08-17 / outcomes@2026-09-10
class,Mean percentage male participants per clinic,male,mapped,1,1,NCT00374452,parsers.R@2026-08-17 / outcomes@2026-09-10
class,Melanoma,,unrecognized,1,1,NCT04208958,parsers.R@2026-08-17 / outcomes@2026-09-10
category,Men only,male,mapped,1,1,NCT03980223,parsers.R@2026-08-17 / outcomes@2026-09-10
class,Men who:,male,mapped,1,1,NCT02015637,parsers.R@2026-08-17 / outcomes@2026-09-10
class,Men: testosterone substitution,male,mapped,1,1,NCT01546922,parsers.R@2026-08-17 / outcomes@2026-09-10
class,Mental Health - Female,female,mapped,1,1,NCT03850431,parsers.R@2026-08-17 / outcomes@2026-09-10
class,Mental Health - Male,male,mapped,1,1,NCT03850431,parsers.R@2026-08-17 / outcomes@2026-09-10
class,Mental health clinic/hospital or rehab center,,unrecognized,1,1,NCT06187415,parsers.R@2026-08-17 / outcomes@2026-09-10
class,Metformin (2000mg) With Chemoradiation,,unrecognized,1,1,NCT02325401,parsers.R@2026-08-17 / outcomes@2026-09-10
class,Metformin (2550mg) With Chemoradiation,,unrecognized,1,1,NCT02325401,parsers.R@2026-08-17 / outcomes@2026-09-10
class,Metformin (3000mg) With Chemoradiation,,unrecognized,1,1,NCT02325401,parsers.R@2026-08-17 / outcomes@2026-09-10
class,Methamphetamine,,unrecognized,1,1,NCT06187415,parsers.R@2026-08-17 / outcomes@2026-09-10
class,Microscopic colitis,,unrecognized,1,1,NCT03834051,parsers.R@2026-08-17 / outcomes@2026-09-10
class,Midazolam,,unrecognized,1,1,NCT03284307,parsers.R@2026-08-17 / outcomes@2026-09-10
class,Mirieri Field Station,,unrecognized,1,1,NCT00223990,parsers.R@2026-08-17 / outcomes@2026-09-10
class,Missing (residents),unknown,mapped,1,1,NCT04732819,parsers.R@2026-08-17 / outcomes@2026-09-10
class,Missing (staff),unknown,mapped,1,1,NCT04732819,parsers.R@2026-08-17 / outcomes@2026-09-10
class,Missing Data (Unspecified),unknown,mapped,1,1,NCT00488488,parsers.R@2026-08-17 / outcomes@2026-09-10
class,Missing Information for sex,unknown,mapped,1,1,NCT00704769,parsers.R@2026-08-17 / outcomes@2026-09-10
class,Missing Response,unknown,mapped,1,1,NCT06112249,parsers.R@2026-08-17 / outcomes@2026-09-10
class,Missing Sex,unknown,mapped,1,1,NCT03871491,parsers.R@2026-08-17 / outcomes@2026-09-10
class,Missing designation,unknown,mapped,1,1,NCT00981474,parsers.R@2026-08-17 / outcomes@2026-09-10
class,Missing information,unknown,mapped,1,1,NCT00621582,parsers.R@2026-08-17 / outcomes@2026-09-10
category,Missing or Other,unknown,mapped,1,1,NCT03859713,parsers.R@2026-08-17 / outcomes@2026-09-10
category,Missing or Unknown,unknown,mapped,2,1,NCT04584294,parsers.R@2026-08-17 / outcomes@2026-09-10
category,Missing response,unknown,mapped,2,1,NCT04939714,parsers.R@2026-08-17 / outcomes@2026-09-10
class,Missing values,unknown,mapped,1,1,NCT00708708,parsers.R@2026-08-17 / outcomes@2026-09-10
category,Missing/Refused,unknown,mapped,1,1,NCT06324630,parsers.R@2026-08-17 / outcomes@2026-09-10
class,Missing/unknown,unknown,mapped,1,1,NCT01777932,parsers.R@2026-08-17 / outcomes@2026-09-10
class,Modified pharmacodynamic analysis set,,unrecognized,1,1,NCT02472795,parsers.R@2026-08-17 / outcomes@2026-09-10
class,More than 3 times a week,,unrecognized,1,1,NCT00635570,parsers.R@2026-08-17 / outcomes@2026-09-10
category,More than half the time,,unrecognized,1,1,NCT05161689,parsers.R@2026-08-17 / outcomes@2026-09-10
category,More than one Gender Identity,gender_diverse,mapped,1,1,NCT06615401,parsers.R@2026-08-17 / outcomes@2026-09-10
class,More than one category,,structural_or_group,1,1,NCT05984966,parsers.R@2026-08-17 / outcomes@2026-09-10
class,More than one endorsement,,unrecognized,1,1,NCT03487796,parsers.R@2026-08-17 / outcomes@2026-09-10
category,More than one gender,gender_diverse,mapped,1,1,NCT04307394,parsers.R@2026-08-17 / outcomes@2026-09-10
class,Mother Sex,,unrecognized,1,1,NCT03548558,parsers.R@2026-08-17 / outcomes@2026-09-10
class,Mother biological sex,,unrecognized,1,1,NCT05096611,parsers.R@2026-08-17 / outcomes@2026-09-10
class,Mother participants,,unrecognized,1,1,NCT05374837,parsers.R@2026-08-17 / outcomes@2026-09-10
class,Mothers sex,,unrecognized,1,1,NCT04002908,parsers.R@2026-08-17 / outcomes@2026-09-10
class,Mothers' sex,,unrecognized,1,1,NCT02901665,parsers.R@2026-08-17 / outcomes@2026-09-10
class,Multi-gender,gender_diverse,mapped,1,1,NCT03801174,parsers.R@2026-08-17 / outcomes@2026-09-10
class,Multiple Dose,,unrecognized,1,1,NCT03073213,parsers.R@2026-08-17 / outcomes@2026-09-10
category,Multiple Genders,gender_diverse,mapped,1,1,NCT04047420,parsers.R@2026-08-17 / outcomes@2026-09-10
class,Multiple Genders,gender_diverse,mapped,1,1,NCT03671239,parsers.R@2026-08-17 / outcomes@2026-09-10
class,Multiple gender categories,gender_diverse,mapped,1,1,NCT03844321,parsers.R@2026-08-17 / outcomes@2026-09-10
class,Multiple gender identities,gender_diverse,mapped,1,1,NCT05061966,parsers.R@2026-08-17 / outcomes@2026-09-10
category,Multiple gender identities selected,gender_diverse,mapped,1,1,NCT04742491,parsers.R@2026-08-17 / outcomes@2026-09-10
category,Multiple genders,gender_diverse,mapped,1,1,NCT03980223,parsers.R@2026-08-17 / outcomes@2026-09-10
class,Multiple genders reported,gender_diverse,mapped,1,1,NCT03320512,parsers.R@2026-08-17 / outcomes@2026-09-10
class,Multiple identities,,unrecognized,1,1,NCT04342494,parsers.R@2026-08-17 / outcomes@2026-09-10
class,Multiple recent partners (3+ in 6 months) :,,unrecognized,1,1,NCT03058835,parsers.R@2026-08-17 / outcomes@2026-09-10
class,Multiple sexual orientations,,sexual_orientation,1,1,NCT03844321,parsers.R@2026-08-17 / outcomes@2026-09-10
class,Multiple sexual partners,,unrecognized,1,1,NCT05965427,parsers.R@2026-08-17 / outcomes@2026-09-10
class,Multiple sexual partners (11+ lifetime) :,,unrecognized,1,1,NCT03058835,parsers.R@2026-08-17 / outcomes@2026-09-10
class,Muscle Cohort,,structural_or_group,1,1,NCT05192200,parsers.R@2026-08-17 / outcomes@2026-09-10
class,"Māhū, or muxe, or two spirit",gender_diverse,mapped,1,1,NCT06001307,parsers.R@2026-08-17 / outcomes@2026-09-10
category,NA,,structural_or_group,1,1,NCT03442296,parsers.R@2026-08-17 / outcomes@2026-09-10
class,NSCLC,,unrecognized,1,1,NCT03004183,parsers.R@2026-08-17 / outcomes@2026-09-10
class,Nduru Kadero Field Station,,unrecognized,1,1,NCT00223990,parsers.R@2026-08-17 / outcomes@2026-09-10
class,Needle Syringe Program,,unrecognized,1,1,NCT06187415,parsers.R@2026-08-17 / outcomes@2026-09-10
class,Negative,,unrecognized,1,1,NCT00978068,parsers.R@2026-08-17 / outcomes@2026-09-10
category,Neither,,structural_or_group,1,1,NCT03810053,parsers.R@2026-08-17 / outcomes@2026-09-10
class,Neither,,structural_or_group,1,1,NCT04148508,parsers.R@2026-08-17 / outcomes@2026-09-10
class,Neither male nor female,female,mapped,1,1,NCT04504357,parsers.R@2026-08-17 / outcomes@2026-09-10
class,Neonates,,structural_or_group,1,1,NCT04152603,parsers.R@2026-08-17 / outcomes@2026-09-10
class,Nephrologists,,unrecognized,1,1,NCT04392440,parsers.R@2026-08-17 / outcomes@2026-09-10
class,Neuro-typical,,unrecognized,1,1,NCT01943539,parsers.R@2026-08-17 / outcomes@2026-09-10
category,Neutral,,unrecognized,1,1,NCT03808883,parsers.R@2026-08-17 / outcomes@2026-09-10
category,Never / rarely,,unrecognized,1,1,NCT02516202,parsers.R@2026-08-17 / outcomes@2026-09-10
class,Never Treated Cohort II,,structural_or_group,1,1,NCT00100048,parsers.R@2026-08-17 / outcomes@2026-09-10
class,Never discuss HIV with partners :,,unrecognized,1,1,NCT03058835,parsers.R@2026-08-17 / outcomes@2026-09-10
class,No Answer,unknown,mapped,1,1,NCT03426124,parsers.R@2026-08-17 / outcomes@2026-09-10
category,No Data,unknown,mapped,1,1,NCT01623752,parsers.R@2026-08-17 / outcomes@2026-09-10
class,No Data - Did not complete Baseline Data collection,unknown,mapped,1,1,NCT03593772,parsers.R@2026-08-17 / outcomes@2026-09-10
category,No History of STI Diagnosis,,unrecognized,1,1,NCT02128217,parsers.R@2026-08-17 / outcomes@2026-09-10
class,No Sex Partners,,unrecognized,1,1,NCT03670355,parsers.R@2026-08-17 / outcomes@2026-09-10
category,No answer,unknown,mapped,1,1,NCT04881942,parsers.R@2026-08-17 / outcomes@2026-09-10
category,No data,unknown,mapped,1,1,NCT00398866,parsers.R@2026-08-17 / outcomes@2026-09-10
category,No did not have sex in past 3 months at Baseline,,unrecognized,1,1,NCT02847858,parsers.R@2026-08-17 / outcomes@2026-09-10
class,No gender/sex data was collected on the providers/clinicians,unknown,mapped,1,1,NCT03579680,parsers.R@2026-08-17 / outcomes@2026-09-10
class,No recent sex,,unrecognized,1,1,NCT02248558,parsers.R@2026-08-17 / outcomes@2026-09-10
class,No response,unknown,mapped,1,1,NCT00705679,parsers.R@2026-08-17 / outcomes@2026-09-10
category,No response / prefer not to answer,unknown,mapped,1,1,NCT01944462,parsers.R@2026-08-17 / outcomes@2026-09-10
category,No same sex partner,,unrecognized,3,1,NCT04680611,parsers.R@2026-08-17 / outcomes@2026-09-10
class,No selected answer,unknown,mapped,2,1,NCT03844321,parsers.R@2026-08-17 / outcomes@2026-09-10
category,"No, not within last 3 months",,unrecognized,1,1,NCT02494817,parsers.R@2026-08-17 / outcomes@2026-09-10
class,Non Binary/Queer,gender_diverse,mapped,1,1,NCT04646369,parsers.R@2026-08-17 / outcomes@2026-09-10
class,Non Male,male,mapped,1,1,NCT04446975,parsers.R@2026-08-17 / outcomes@2026-09-10
category,Non binary,gender_diverse,mapped,1,1,NCT05875467,parsers.R@2026-08-17 / outcomes@2026-09-10
category,Non-Binary and/or Gender Diverse,gender_diverse,mapped,1,1,NCT06615401,parsers.R@2026-08-17 / outcomes@2026-09-10
class,Non-Binary or another gender,gender_diverse,mapped,1,1,NCT06442800,parsers.R@2026-08-17 / outcomes@2026-09-10
category,"Non-Binary, Self-Describe, Not disclosed",unknown,mapped,2,1,NCT03576495,parsers.R@2026-08-17 / outcomes@2026-09-10
category,Non-Binary/Gender Fluid,gender_diverse,mapped,1,1,NCT06302868,parsers.R@2026-08-17 / outcomes@2026-09-10
category,Non-Binary/Third Gender,gender_diverse,mapped,1,1,NCT03834974,parsers.R@2026-08-17 / outcomes@2026-09-10
class,Non-Binary/Third gender,gender_diverse,mapped,1,1,NCT04330365,parsers.R@2026-08-17 / outcomes@2026-09-10
class,Non-Binary/non-conforming,gender_diverse,mapped,1,1,NCT06706999,parsers.R@2026-08-17 / outcomes@2026-09-10
class,Non-MSM,,unrecognized,1,1,NCT05723263,parsers.R@2026-08-17 / outcomes@2026-09-10
class,Non-Switching arm: Humira (Adalimumab),,structural_or_group,1,1,NCT04230213,parsers.R@2026-08-17 / outcomes@2026-09-10
class,Non-binary (female),gender_diverse,mapped,1,1,NCT04646291,parsers.R@2026-08-17 / outcomes@2026-09-10
category,Non-binary / Gender non-conforming,gender_diverse,mapped,1,1,NCT05079477,parsers.R@2026-08-17 / outcomes@2026-09-10
category,Non-binary / third gender,gender_diverse,mapped,1,1,NCT06281548,parsers.R@2026-08-17 / outcomes@2026-09-10
class,Non-binary and Prefer to Self Describe,gender_diverse,mapped,1,1,NCT04974489,parsers.R@2026-08-17 / outcomes@2026-09-10
category,Non-binary or Other,gender_diverse,mapped,1,1,NCT04919590,parsers.R@2026-08-17 / outcomes@2026-09-10
class,Non-binary or Transgender man or woman,ambiguous,mapped,1,1,NCT04698629,parsers.R@2026-08-17 / outcomes@2026-09-10
category,Non-binary or another gender,gender_diverse,mapped,1,1,NCT06175026,parsers.R@2026-08-17 / outcomes@2026-09-10
category,Non-binary or non-gender conforming,gender_diverse,mapped,1,1,NCT05127837,parsers.R@2026-08-17 / outcomes@2026-09-10
class,Non-binary or prefered not to disclose,gender_diverse,mapped,1,1,NCT03655951,parsers.R@2026-08-17 / outcomes@2026-09-10
class,"Non-binary, gender fluid",gender_diverse,mapped,1,1,NCT06294145,parsers.R@2026-08-17 / outcomes@2026-09-10
category,"Non-binary, transgender, or other",gender_diverse,mapped,1,1,NCT05608083,parsers.R@2026-08-17 / outcomes@2026-09-10
category,Non-binary/ non-conforming,gender_diverse,mapped,1,1,NCT04950816,parsers.R@2026-08-17 / outcomes@2026-09-10
class,Non-binary/ third gender,gender_diverse,mapped,1,1,NCT05207956,parsers.R@2026-08-17 / outcomes@2026-09-10
category,Non-binary/ third gender,gender_diverse,mapped,1,1,NCT04084028,parsers.R@2026-08-17 / outcomes@2026-09-10
class,Non-binary/None of these describe me,gender_diverse,mapped,1,1,NCT04878328,parsers.R@2026-08-17 / outcomes@2026-09-10
class,Non-binary/Trans/Two-Spirit,gender_diverse,mapped,1,1,NCT05781503,parsers.R@2026-08-17 / outcomes@2026-09-10
class,Non-binary/Transgender,gender_diverse,mapped,1,1,NCT03783533,parsers.R@2026-08-17 / outcomes@2026-09-10
category,Non-binary/gender fluid,gender_diverse,mapped,1,1,NCT05146206,parsers.R@2026-08-17 / outcomes@2026-09-10
class,Non-binary/gender nonconforming,gender_diverse,mapped,1,1,NCT04414306,parsers.R@2026-08-17 / outcomes@2026-09-10
class,Non-binary/genderqueer,gender_diverse,mapped,1,1,NCT03584282,parsers.R@2026-08-17 / outcomes@2026-09-10
category,Non-binary/other,gender_diverse,mapped,1,1,NCT04873401,parsers.R@2026-08-17 / outcomes@2026-09-10
class,Non-binary/unlabeled,gender_diverse,mapped,1,1,NCT03808883,parsers.R@2026-08-17 / outcomes@2026-09-10
category,Non-female,female,mapped,1,1,NCT04624932,parsers.R@2026-08-17 / outcomes@2026-09-10
class,Non-specific,,unrecognized,1,1,NCT00859495,parsers.R@2026-08-17 / outcomes@2026-09-10
class,Non-specific gender count,,unrecognized,1,1,NCT00556166,parsers.R@2026-08-17 / outcomes@2026-09-10
category,Non-use,,unrecognized,1,1,NCT03741725,parsers.R@2026-08-17 / outcomes@2026-09-10
category,"Nonbinary (e.g., genderqueer, agender, gender fluid)",gender_diverse,mapped,1,1,NCT04408469,parsers.R@2026-08-17 / outcomes@2026-09-10
class,"Nonbinary (e.g., genderqueer, agender, gender fluid)",gender_diverse,mapped,1,1,NCT06229132,parsers.R@2026-08-17 / outcomes@2026-09-10
class,Nonbinary or Missing,unknown,mapped,1,1,NCT05492942,parsers.R@2026-08-17 / outcomes@2026-09-10
category,Nonbinary or another gender,gender_diverse,mapped,1,1,NCT05432271,parsers.R@2026-08-17 / outcomes@2026-09-10
category,Nonbinary or other,gender_diverse,mapped,1,1,NCT05413239,parsers.R@2026-08-17 / outcomes@2026-09-10
class,Nonbinary or preferred to self-describe,gender_diverse,mapped,1,1,NCT05168800,parsers.R@2026-08-17 / outcomes@2026-09-10
class,Nonbinary youth,gender_diverse,mapped,1,1,NCT06017050,parsers.R@2026-08-17 / outcomes@2026-09-10
category,"Nonbinary, gender non-conforming, genderqueer, genderfluid",gender_diverse,mapped,1,1,NCT05540652,parsers.R@2026-08-17 / outcomes@2026-09-10
class,"Nonbinary, genderfluid, or genderqueer",gender_diverse,mapped,1,1,NCT05029362,parsers.R@2026-08-17 / outcomes@2026-09-10
class,Nonbinary/Another gender,gender_diverse,mapped,1,1,NCT05714982,parsers.R@2026-08-17 / outcomes@2026-09-10
category,Nonbinary/Genderfluid,gender_diverse,mapped,1,1,NCT04896593,parsers.R@2026-08-17 / outcomes@2026-09-10
class,Nonbinary/Other,gender_diverse,mapped,1,1,NCT04571320,parsers.R@2026-08-17 / outcomes@2026-09-10
category,Nonbinary/genderqueer,gender_diverse,mapped,3,1,NCT05626231,parsers.R@2026-08-17 / outcomes@2026-09-10
class,Nonbinary/other,gender_diverse,mapped,1,1,NCT04632030,parsers.R@2026-08-17 / outcomes@2026-09-10
class,Nonbinary/questioning,gender_diverse,mapped,1,1,NCT05408858,parsers.R@2026-08-17 / outcomes@2026-09-10
category,None of de above/unsure,unknown,mapped,1,1,NCT01848483,parsers.R@2026-08-17 / outcomes@2026-09-10
class,None of the Above Genders,gender_diverse,mapped,1,1,NCT06069713,parsers.R@2026-08-17 / outcomes@2026-09-10
class,None of the listed categories,gender_diverse,mapped,1,1,NCT05534061,parsers.R@2026-08-17 / outcomes@2026-09-10
class,None of these,gender_diverse,mapped,1,1,NCT05514002,parsers.R@2026-08-17 / outcomes@2026-09-10
class,None of these describe me,gender_diverse,mapped,1,1,NCT06001307,parsers.R@2026-08-17 / outcomes@2026-09-10
category,None of these describe me,gender_diverse,mapped,1,1,NCT05775991,parsers.R@2026-08-17 / outcomes@2026-09-10
class,Not Applicable,,unrecognized,1,1,NCT01139762,parsers.R@2026-08-17 / outcomes@2026-09-10
category,Not Available,unknown,mapped,1,1,NCT02861118,parsers.R@2026-08-17 / outcomes@2026-09-10
class,Not Available to Report,unknown,mapped,1,1,NCT00687531,parsers.R@2026-08-17 / outcomes@2026-09-10
category,Not Collected,unknown,mapped,1,1,NCT02657577,parsers.R@2026-08-17 / outcomes@2026-09-10
class,Not Disclosed,unknown,mapped,1,1,NCT02995434,parsers.R@2026-08-17 / outcomes@2026-09-10
class,Not Frail,,unrecognized,1,1,NCT03354546,parsers.R@2026-08-17 / outcomes@2026-09-10
category,Not Indicated,unknown,mapped,1,1,NCT04949243,parsers.R@2026-08-17 / outcomes@2026-09-10
category,Not Provided,unknown,mapped,1,1,NCT06213701,parsers.R@2026-08-17 / outcomes@2026-09-10
class,Not Provided,unknown,mapped,1,1,NCT01804036,parsers.R@2026-08-17 / outcomes@2026-09-10
class,Not Recorded,unknown,mapped,1,1,NCT04553484,parsers.R@2026-08-17 / outcomes@2026-09-10
class,Not Reported or Other,unknown,mapped,1,1,NCT04491539,parsers.R@2026-08-17 / outcomes@2026-09-10
class,Not Sexually Active with ED,,unrecognized,1,1,NCT00384930,parsers.R@2026-08-17 / outcomes@2026-09-10
class,Not Sexually Active without ED,,unrecognized,1,1,NCT00384930,parsers.R@2026-08-17 / outcomes@2026-09-10
class,Not Sure,unknown,mapped,1,1,NCT01350544,parsers.R@2026-08-17 / outcomes@2026-09-10
class,Not applicable,,unrecognized,1,1,NCT05376358,parsers.R@2026-08-17 / outcomes@2026-09-10
category,Not available,unknown,mapped,1,1,NCT03252249,parsers.R@2026-08-17 / outcomes@2026-09-10
class,Not disclosed,unknown,mapped,1,1,NCT06045325,parsers.R@2026-08-17 / outcomes@2026-09-10
class,Not disclosed to avoid re-identification,unknown,mapped,1,1,NCT06069778,parsers.R@2026-08-17 / outcomes@2026-09-10
category,Not disclosed to others,unknown,mapped,1,1,NCT02796963,parsers.R@2026-08-17 / outcomes@2026-09-10
category,Not heterosexual,,sexual_orientation,1,1,NCT03897049,parsers.R@2026-08-17 / outcomes@2026-09-10
category,Not identifies,unknown,mapped,1,1,NCT05443659,parsers.R@2026-08-17 / outcomes@2026-09-10
class,Not listed/prefer not to answer,unknown,mapped,1,1,NCT05386355,parsers.R@2026-08-17 / outcomes@2026-09-10
class,Not provided,unknown,mapped,1,1,NCT00705263,parsers.R@2026-08-17 / outcomes@2026-09-10
class,Not recorded,unknown,mapped,1,1,NCT03895632,parsers.R@2026-08-17 / outcomes@2026-09-10
class,Not reported as male or female,unknown,mapped,1,1,NCT06348251,parsers.R@2026-08-17 / outcomes@2026-09-10
class,Not reported/Unknown,unknown,mapped,1,1,NCT05510908,parsers.R@2026-08-17 / outcomes@2026-09-10
class,Not reported/Unknown/Declined to State,unknown,mapped,1,1,NCT03433469,parsers.R@2026-08-17 / outcomes@2026-09-10
category,Not sexual minority (heterosexual),,sexual_orientation,1,1,NCT04251273,parsers.R@2026-08-17 / outcomes@2026-09-10
category,Not sexually active,,unrecognized,1,1,NCT03624972,parsers.R@2026-08-17 / outcomes@2026-09-10
category,Not specified,unknown,mapped,1,1,NCT05891275,parsers.R@2026-08-17 / outcomes@2026-09-10
class,Not specified,unknown,mapped,1,1,NCT00659295,parsers.R@2026-08-17 / outcomes@2026-09-10
category,Not stated,unknown,mapped,1,1,NCT05493072,parsers.R@2026-08-17 / outcomes@2026-09-10
class,Not sure,unknown,mapped,1,1,NCT04498143,parsers.R@2026-08-17 / outcomes@2026-09-10
category,Not sure (non-binary),unknown,mapped,1,1,NCT05280756,parsers.R@2026-08-17 / outcomes@2026-09-10
class,Not-treated mRCC participants,,unrecognized,1,1,NCT05363072,parsers.R@2026-08-17 / outcomes@2026-09-10
class,Number of Female Participants,female,mapped,1,1,NCT01378325,parsers.R@2026-08-17 / outcomes@2026-09-10
category,Number of Female Participants Per Arm,female,mapped,1,1,NCT02122458,parsers.R@2026-08-17 / outcomes@2026-09-10
category,Number of Male Participants Per Arm,male,mapped,1,1,NCT02122458,parsers.R@2026-08-17 / outcomes@2026-09-10
class,Numbers of male sexual partners in the past 3 months ≥ 6,male,mapped,1,1,NCT06187415,parsers.R@2026-08-17 / outcomes@2026-09-10
class,Nurse,,unrecognized,1,1,NCT02320175,parsers.R@2026-08-17 / outcomes@2026-09-10
class,OA Population,,unrecognized,1,1,NCT04160091,parsers.R@2026-08-17 / outcomes@2026-09-10
class,OLE Period,,unrecognized,1,1,NCT04556734,parsers.R@2026-08-17 / outcomes@2026-09-10
class,OLE Phase,,unrecognized,1,1,NCT03941834,parsers.R@2026-08-17 / outcomes@2026-09-10
class,OLE trial period,,unrecognized,1,1,NCT05870540,parsers.R@2026-08-17 / outcomes@2026-09-10
category,Occasionally,,unrecognized,1,1,NCT02516202,parsers.R@2026-08-17 / outcomes@2026-09-10
class,Offspring,,unrecognized,1,1,NCT04050202,parsers.R@2026-08-17 / outcomes@2026-09-10
category,Often,,unrecognized,1,1,NCT03741725,parsers.R@2026-08-17 / outcomes@2026-09-10
category,Often to Almost Always,,unrecognized,1,1,NCT05396014,parsers.R@2026-08-17 / outcomes@2026-09-10
class,Older Adults,,unrecognized,1,1,NCT05150990,parsers.R@2026-08-17 / outcomes@2026-09-10
class,On Demand Cohort,,structural_or_group,1,1,NCT03393975,parsers.R@2026-08-17 / outcomes@2026-09-10
class,Once a month or less,,unrecognized,1,1,NCT00635570,parsers.R@2026-08-17 / outcomes@2026-09-10
class,Ongoing problem,,unrecognized,1,1,NCT01262573,parsers.R@2026-08-17 / outcomes@2026-09-10
class,Only male subjects,male,mapped,1,1,NCT04408989,parsers.R@2026-08-17 / outcomes@2026-09-10
class,Open Label Extension,,structural_or_group,1,1,NCT04629950,parsers.R@2026-08-17 / outcomes@2026-09-10
class,Open Label Phase,,unrecognized,1,1,NCT04712669,parsers.R@2026-08-17 / outcomes@2026-09-10
class,Open Label phase,,unrecognized,1,1,NCT05445557,parsers.R@2026-08-17 / outcomes@2026-09-10
class,Open-Enrollment Sex,,unrecognized,1,1,NCT03323749,parsers.R@2026-08-17 / outcomes@2026-09-10
class,Open-Label Period,,unrecognized,1,1,NCT02586623,parsers.R@2026-08-17 / outcomes@2026-09-10
class,Open-Label Phase,,unrecognized,1,1,NCT00958633,parsers.R@2026-08-17 / outcomes@2026-09-10
class,Open-Label Titration Period,,unrecognized,1,1,NCT05668754,parsers.R@2026-08-17 / outcomes@2026-09-10
class,Open-Label Treatment,,unrecognized,1,1,NCT05014919,parsers.R@2026-08-17 / outcomes@2026-09-10
class,Open-label initial phase (OLP),,unrecognized,1,1,NCT03528681,parsers.R@2026-08-17 / outcomes@2026-09-10
class,Open-label phase,,unrecognized,1,1,NCT03341962,parsers.R@2026-08-17 / outcomes@2026-09-10
class,Optional Flaxseed Continuation,,unrecognized,1,1,NCT00956813,parsers.R@2026-08-17 / outcomes@2026-09-10
class,Oral sex,,unrecognized,1,1,NCT04233372,parsers.R@2026-08-17 / outcomes@2026-09-10
class,Orgasmic function,,unrecognized,1,1,NCT00351819,parsers.R@2026-08-17 / outcomes@2026-09-10
class,Oruga Field Station,,unrecognized,1,1,NCT00223990,parsers.R@2026-08-17 / outcomes@2026-09-10
class,Osewre Field Station,,unrecognized,1,1,NCT00223990,parsers.R@2026-08-17 / outcomes@2026-09-10
category,Other (Transwoman; Transman; Gender-variant/non-binary; Other Identity; Prefer not to answer),unknown,mapped,1,1,NCT04992390,parsers.R@2026-08-17 / outcomes@2026-09-10
class,Other (Unspecified),unknown,mapped,1,1,NCT03205982,parsers.R@2026-08-17 / outcomes@2026-09-10
class,"Other (asexual, bisexual, pansexual, uncertain)",gender_diverse,mapped,1,1,NCT03721276,parsers.R@2026-08-17 / outcomes@2026-09-10
class,"Other (e.g., Two Spirit)",gender_diverse,mapped,1,1,NCT05129501,parsers.R@2026-08-17 / outcomes@2026-09-10
category,"Other (e.g., queer, pansexual)",gender_diverse,mapped,1,1,NCT02994108,parsers.R@2026-08-17 / outcomes@2026-09-10
category,Other (participant response = non-binary),gender_diverse,mapped,1,1,NCT04661878,parsers.R@2026-08-17 / outcomes@2026-09-10
category,Other (please specify),gender_diverse,mapped,1,1,NCT06509100,parsers.R@2026-08-17 / outcomes@2026-09-10
category,Other (prefer to self-describe),gender_diverse,mapped,1,1,NCT04935931,parsers.R@2026-08-17 / outcomes@2026-09-10
category,Other (self described as genderqueer or nonbinary),gender_diverse,mapped,1,1,NCT03254940,parsers.R@2026-08-17 / outcomes@2026-09-10
category,Other (unspecified),unknown,mapped,1,1,NCT04950816,parsers.R@2026-08-17 / outcomes@2026-09-10
category,Other / Missing,unknown,mapped,1,1,NCT05916664,parsers.R@2026-08-17 / outcomes@2026-09-10
class,Other Gender Identity,gender_diverse,mapped,1,1,NCT03313310,parsers.R@2026-08-17 / outcomes@2026-09-10
category,Other Gender Identity,gender_diverse,mapped,1,1,NCT05087966,parsers.R@2026-08-17 / outcomes@2026-09-10
category,Other Identity,gender_diverse,mapped,6,1,NCT05132322,parsers.R@2026-08-17 / outcomes@2026-09-10
category,Other combination,gender_diverse,mapped,1,1,NCT03419078,parsers.R@2026-08-17 / outcomes@2026-09-10
category,Other identity,gender_diverse,mapped,1,1,NCT04974580,parsers.R@2026-08-17 / outcomes@2026-09-10
category,Other not listed,unknown,mapped,1,1,NCT05692960,parsers.R@2026-08-17 / outcomes@2026-09-10
class,Other or Prefer Not to Say,unknown,mapped,1,1,NCT06874361,parsers.R@2026-08-17 / outcomes@2026-09-10
class,Other or Unknown,unknown,mapped,1,1,NCT04852848,parsers.R@2026-08-17 / outcomes@2026-09-10
class,Other or not reported,unknown,mapped,1,1,NCT04450914,parsers.R@2026-08-17 / outcomes@2026-09-10
class,Other or prefer not to say,unknown,mapped,1,1,NCT05384171,parsers.R@2026-08-17 / outcomes@2026-09-10
category,Other or unknown,unknown,mapped,2,1,NCT03740113,parsers.R@2026-08-17 / outcomes@2026-09-10
class,Other selected,gender_diverse,mapped,1,1,NCT05537116,parsers.R@2026-08-17 / outcomes@2026-09-10
category,Other than male or female,gender_diverse,mapped,1,1,NCT05604508,parsers.R@2026-08-17 / outcomes@2026-09-10
class,"Other, Unspecified",unknown,mapped,1,1,NCT04605159,parsers.R@2026-08-17 / outcomes@2026-09-10
category,"Other, Unspecified",unknown,mapped,1,1,NCT04019873,parsers.R@2026-08-17 / outcomes@2026-09-10
category,"Other, not specified",unknown,mapped,1,1,NCT03234881,parsers.R@2026-08-17 / outcomes@2026-09-10
class,Other/ Not recorded,unknown,mapped,1,1,NCT01244737,parsers.R@2026-08-17 / outcomes@2026-09-10
category,Other/Choose not to respond,unknown,mapped,1,1,NCT06552871,parsers.R@2026-08-17 / outcomes@2026-09-10
class,Other/Missing,unknown,mapped,1,1,NCT04409782,parsers.R@2026-08-17 / outcomes@2026-09-10
category,Other/Missing,unknown,mapped,1,1,NCT02788903,parsers.R@2026-08-17 / outcomes@2026-09-10
class,Other/Non-binary,gender_diverse,mapped,1,1,NCT04201223,parsers.R@2026-08-17 / outcomes@2026-09-10
class,Other/Not Listed Above,unknown,mapped,1,1,NCT05900700,parsers.R@2026-08-17 / outcomes@2026-09-10
category,Other/Not Reported,unknown,mapped,1,1,NCT04678245,parsers.R@2026-08-17 / outcomes@2026-09-10
class,Other/Not Specified,unknown,mapped,1,1,NCT03277794,parsers.R@2026-08-17 / outcomes@2026-09-10
class,Other/Not listed,unknown,mapped,1,1,NCT04498143,parsers.R@2026-08-17 / outcomes@2026-09-10
class,Other/Prefer not to answer,unknown,mapped,1,1,NCT03923582,parsers.R@2026-08-17 / outcomes@2026-09-10
category,Other/Prefer not to answer,unknown,mapped,1,1,NCT04971967,parsers.R@2026-08-17 / outcomes@2026-09-10
class,Other/Queer,gender_diverse,mapped,1,1,NCT04289116,parsers.R@2026-08-17 / outcomes@2026-09-10
category,Other/Refused/Missing,unknown,mapped,1,1,NCT04246593,parsers.R@2026-08-17 / outcomes@2026-09-10
class,Other/Unknown,unknown,mapped,1,1,NCT06554431,parsers.R@2026-08-17 / outcomes@2026-09-10
class,Other/Unknown/Missing,unknown,mapped,1,1,NCT06554431,parsers.R@2026-08-17 / outcomes@2026-09-10
class,Other/Unspecified,unknown,mapped,1,1,NCT03687762,parsers.R@2026-08-17 / outcomes@2026-09-10
category,Other/category not listed,unknown,mapped,1,1,NCT04154631,parsers.R@2026-08-17 / outcomes@2026-09-10
class,Other/missing,unknown,mapped,1,1,NCT04726371,parsers.R@2026-08-17 / outcomes@2026-09-10
class,Other/no response,unknown,mapped,1,1,NCT06634342,parsers.R@2026-08-17 / outcomes@2026-09-10
category,Other/non-binary,gender_diverse,mapped,1,1,NCT04891978,parsers.R@2026-08-17 / outcomes@2026-09-10
category,Other/not reported,unknown,mapped,1,1,NCT03704142,parsers.R@2026-08-17 / outcomes@2026-09-10
class,Other/not sure,unknown,mapped,1,1,NCT04376346,parsers.R@2026-08-17 / outcomes@2026-09-10
category,Others,gender_diverse,mapped,1,1,NCT04908683,parsers.R@2026-08-17 / outcomes@2026-09-10
class,"Others (gay, lesbian or bisexual)",gender_diverse,mapped,1,1,NCT03685643,parsers.R@2026-08-17 / outcomes@2026-09-10
category,"Others (pansexual, queer, unsure)",unknown,mapped,1,1,NCT05645354,parsers.R@2026-08-17 / outcomes@2026-09-10
class,Outpatient,,unrecognized,1,1,NCT02455076,parsers.R@2026-08-17 / outcomes@2026-09-10
class,Overall Sample,,unrecognized,1,1,NCT01875861,parsers.R@2026-08-17 / outcomes@2026-09-10
class,Overall population,,unrecognized,1,1,NCT01121588,parsers.R@2026-08-17 / outcomes@2026-09-10
class,Overall satisfaction,,unrecognized,1,1,NCT00351819,parsers.R@2026-08-17 / outcomes@2026-09-10
class,Overall satisfied with sexual encounters,,unrecognized,1,1,NCT00512707,parsers.R@2026-08-17 / outcomes@2026-09-10
class,PCMHI Participants,,unrecognized,1,1,NCT04350866,parsers.R@2026-08-17 / outcomes@2026-09-10
class,PCV13 Population,,unrecognized,1,1,NCT03276754,parsers.R@2026-08-17 / outcomes@2026-09-10
class,PEP (n=89) - Female,female,mapped,1,1,NCT00782067,parsers.R@2026-08-17 / outcomes@2026-09-10
class,PEP (n=89) - Male,male,mapped,1,1,NCT00782067,parsers.R@2026-08-17 / outcomes@2026-09-10
class,PFIC Cohort,,structural_or_group,1,1,NCT03905330,parsers.R@2026-08-17 / outcomes@2026-09-10
class,"PISQ-IR Sexually Active Interest, Assessment of Partner Related Impacts",,unrecognized,1,1,NCT03672461,parsers.R@2026-08-17 / outcomes@2026-09-10
class,"PISQ-IR Sexually Active Interest, Summary Score",,unrecognized,1,1,NCT03672461,parsers.R@2026-08-17 / outcomes@2026-09-10
class,"PISQ-IR Sexually Active, Assessment of Arousal, Orgasm",,unrecognized,1,1,NCT03672461,parsers.R@2026-08-17 / outcomes@2026-09-10
class,"PISQ-IR Sexually Active, Assessment of Desire",,unrecognized,1,1,NCT03672461,parsers.R@2026-08-17 / outcomes@2026-09-10
class,"PISQ-IR Sexually Active, Condition-specifc Impacts on Activity",,unrecognized,1,1,NCT03672461,parsers.R@2026-08-17 / outcomes@2026-09-10
class,"PISQ-IR Sexually Active, Condition-specific Impact on Sexual Quality",,unrecognized,1,1,NCT03672461,parsers.R@2026-08-17 / outcomes@2026-09-10
class,"PISQ-IR Sexually Active, Global Quality",,unrecognized,1,1,NCT03672461,parsers.R@2026-08-17 / outcomes@2026-09-10
class,"PISQ-IR Sexually Inactive, Condition Impact on Sexual Quality",,unrecognized,1,1,NCT03672461,parsers.R@2026-08-17 / outcomes@2026-09-10
class,"PISQ-IR Sexually Inactive, Condition Specific Reason for Not Being Active",,unrecognized,1,1,NCT03672461,parsers.R@2026-08-17 / outcomes@2026-09-10
class,"PISQ-IR Sexually Inactive, Global Quality",,unrecognized,1,1,NCT03672461,parsers.R@2026-08-17 / outcomes@2026-09-10
class,"PISQ-IR Sexually Inactive, Partner-Related Reasons for Not Being Active",,unrecognized,1,1,NCT03672461,parsers.R@2026-08-17 / outcomes@2026-09-10
class,PLWD,,unrecognized,1,1,NCT04555616,parsers.R@2026-08-17 / outcomes@2026-09-10
class,PLWD Sex,,unrecognized,1,1,NCT03786471,parsers.R@2026-08-17 / outcomes@2026-09-10
class,PP population,,unrecognized,1,1,NCT02510235,parsers.R@2026-08-17 / outcomes@2026-09-10
category,PREFER NOT TO ANSWER,unknown,mapped,1,1,NCT04804072,parsers.R@2026-08-17 / outcomes@2026-09-10
class,PVB,,unrecognized,1,1,NCT03086213,parsers.R@2026-08-17 / outcomes@2026-09-10
category,Panromantic asexual,,sexual_orientation,1,1,NCT05408858,parsers.R@2026-08-17 / outcomes@2026-09-10
category,Pansexual; Asexual,,sexual_orientation,1,1,NCT05372913,parsers.R@2026-08-17 / outcomes@2026-09-10
category,Parent,,structural_or_group,4,1,NCT04859699,parsers.R@2026-08-17 / outcomes@2026-09-10
class,Parent - Female,female,mapped,1,1,NCT03901274,parsers.R@2026-08-17 / outcomes@2026-09-10
class,Parent - Male,male,mapped,1,1,NCT03901274,parsers.R@2026-08-17 / outcomes@2026-09-10
class,Parent - Missing or Prefer Not to Answer,unknown,mapped,1,1,NCT03901274,parsers.R@2026-08-17 / outcomes@2026-09-10
class,Parent - Nonbinary / Gender Non-Conforming,gender_diverse,mapped,1,1,NCT03901274,parsers.R@2026-08-17 / outcomes@2026-09-10
class,Parent 1,,unrecognized,1,1,NCT05762835,parsers.R@2026-08-17 / outcomes@2026-09-10
class,Parent 2,,unrecognized,1,1,NCT05762835,parsers.R@2026-08-17 / outcomes@2026-09-10
class,"Parent Female gender, n (%)",female,mapped,1,1,NCT03408314,parsers.R@2026-08-17 / outcomes@2026-09-10
class,Parent Gender,,unrecognized,1,1,NCT03521115,parsers.R@2026-08-17 / outcomes@2026-09-10
class,"Parent Male gender, n (%)",male,mapped,1,1,NCT03408314,parsers.R@2026-08-17 / outcomes@2026-09-10
class,Parent Non-binary,gender_diverse,mapped,1,1,NCT06408818,parsers.R@2026-08-17 / outcomes@2026-09-10
class,Parent Other / Prefer not to answer,unknown,mapped,1,1,NCT03592186,parsers.R@2026-08-17 / outcomes@2026-09-10
class,Parent sex,,unrecognized,1,1,NCT02973815,parsers.R@2026-08-17 / outcomes@2026-09-10
class,Parent/Guardian,,unrecognized,1,1,NCT03442114,parsers.R@2026-08-17 / outcomes@2026-09-10
class,Parent/Infant Dyads,,unrecognized,1,1,NCT03885232,parsers.R@2026-08-17 / outcomes@2026-09-10
class,Parent/Legal Guardians,,unrecognized,1,1,NCT05675020,parsers.R@2026-08-17 / outcomes@2026-09-10
class,Parent/caregiver participants,,unrecognized,1,1,NCT03294590,parsers.R@2026-08-17 / outcomes@2026-09-10
class,Parenteral nutrition,,unrecognized,1,1,NCT03278847,parsers.R@2026-08-17 / outcomes@2026-09-10
class,Parents of Youth Patients,,unrecognized,1,1,NCT05626231,parsers.R@2026-08-17 / outcomes@2026-09-10
class,Parents or Caregivers,,unrecognized,1,1,NCT05835362,parsers.R@2026-08-17 / outcomes@2026-09-10
class,Parents/LARs,,unrecognized,1,1,NCT04152603,parsers.R@2026-08-17 / outcomes@2026-09-10
class,Parents/caregivers,,unrecognized,1,1,NCT03385629,parsers.R@2026-08-17 / outcomes@2026-09-10
class,Parents/guardians (for exploratory outcomes),,unrecognized,1,1,NCT05132322,parsers.R@2026-08-17 / outcomes@2026-09-10
class,Parents: Female,female,mapped,1,1,NCT00612690,parsers.R@2026-08-17 / outcomes@2026-09-10
class,Parents: Male,male,mapped,1,1,NCT00612690,parsers.R@2026-08-17 / outcomes@2026-09-10
class,Part 1 (Fasted),,unrecognized,1,1,NCT05930782,parsers.R@2026-08-17 / outcomes@2026-09-10
class,Part 1 and Part 2,,unrecognized,1,1,NCT04905407,parsers.R@2026-08-17 / outcomes@2026-09-10
class,"Part 1: 16-week double-blind, randomized, placebo-controlled treatment period (Day 1 to Week 16)",,unrecognized,1,1,NCT02036970,parsers.R@2026-08-17 / outcomes@2026-09-10
class,Part 1A,,unrecognized,1,1,NCT05261191,parsers.R@2026-08-17 / outcomes@2026-09-10
class,Part 1B,,unrecognized,1,1,NCT05261191,parsers.R@2026-08-17 / outcomes@2026-09-10
class,Part 1a,,unrecognized,1,1,NCT02303574,parsers.R@2026-08-17 / outcomes@2026-09-10
class,Part 1b,,unrecognized,1,1,NCT02303574,parsers.R@2026-08-17 / outcomes@2026-09-10
class,Part 2 (Fed),,unrecognized,1,1,NCT05930782,parsers.R@2026-08-17 / outcomes@2026-09-10
class,Part 2 (OLE),,unrecognized,1,1,NCT03098797,parsers.R@2026-08-17 / outcomes@2026-09-10
class,Part 2-Arm C-Cohort 5 only,,structural_or_group,1,1,NCT03184870,parsers.R@2026-08-17 / outcomes@2026-09-10
class,Part 2: Open-label extension period (Week 16 and onwards),,structural_or_group,1,1,NCT02036970,parsers.R@2026-08-17 / outcomes@2026-09-10
class,Part 3,,unrecognized,1,1,NCT04905407,parsers.R@2026-08-17 / outcomes@2026-09-10
class,Part A (15 Days),,unrecognized,1,1,NCT03691779,parsers.R@2026-08-17 / outcomes@2026-09-10
class,Part A (<14 kg Weight),,unrecognized,1,1,NCT02797132,parsers.R@2026-08-17 / outcomes@2026-09-10
class,Part A (>=14 kg Weight),,unrecognized,1,1,NCT02797132,parsers.R@2026-08-17 / outcomes@2026-09-10
class,Part A (n = 9): Female,female,mapped,1,1,NCT01705145,parsers.R@2026-08-17 / outcomes@2026-09-10
class,Part A (n = 9): Male,male,mapped,1,1,NCT01705145,parsers.R@2026-08-17 / outcomes@2026-09-10
class,Part A - Female,female,mapped,1,1,NCT01029340,parsers.R@2026-08-17 / outcomes@2026-09-10
class,Part A - Male,male,mapped,1,1,NCT01029340,parsers.R@2026-08-17 / outcomes@2026-09-10
class,Part A Cohort 1 (n=5): Female,female,mapped,1,1,NCT01897233,parsers.R@2026-08-17 / outcomes@2026-09-10
class,Part A Cohort 1 (n=5): Male,male,mapped,1,1,NCT01897233,parsers.R@2026-08-17 / outcomes@2026-09-10
class,Part A Cohort 2 (n=5): Female,female,mapped,1,1,NCT01897233,parsers.R@2026-08-17 / outcomes@2026-09-10
class,Part A Cohort 2 (n=5): Male,male,mapped,1,1,NCT01897233,parsers.R@2026-08-17 / outcomes@2026-09-10
class,Part A.2 and Parts J,,unrecognized,1,1,NCT04927065,parsers.R@2026-08-17 / outcomes@2026-09-10
class,Part A: Female (n = 8),female,mapped,1,1,NCT01161537,parsers.R@2026-08-17 / outcomes@2026-09-10
class,Part A: Male (n = 8),male,mapped,1,1,NCT01161537,parsers.R@2026-08-17 / outcomes@2026-09-10
class,Part A: Part A: Dose Escalation (Within Group),,unrecognized,1,1,NCT02705755,parsers.R@2026-08-17 / outcomes@2026-09-10
class,Part B (24 Weeks),,unrecognized,1,1,NCT03691779,parsers.R@2026-08-17 / outcomes@2026-09-10
class,Part B (<14 kg Weight),,unrecognized,1,1,NCT02797132,parsers.R@2026-08-17 / outcomes@2026-09-10
class,Part B (>=14 kg Weight),,unrecognized,1,1,NCT02797132,parsers.R@2026-08-17 / outcomes@2026-09-10
class,Part B (n = 34): Female,female,mapped,1,1,NCT01705145,parsers.R@2026-08-17 / outcomes@2026-09-10
class,Part B (n = 34): Male,male,mapped,1,1,NCT01705145,parsers.R@2026-08-17 / outcomes@2026-09-10
class,Part B (n=58): Female,female,mapped,1,1,NCT01897233,parsers.R@2026-08-17 / outcomes@2026-09-10
class,Part B (n=58): Male,male,mapped,1,1,NCT01897233,parsers.R@2026-08-17 / outcomes@2026-09-10
class,Part B + A/B,,unrecognized,1,1,NCT02725567,parsers.R@2026-08-17 / outcomes@2026-09-10
class,Part B - Female,female,mapped,1,1,NCT01029340,parsers.R@2026-08-17 / outcomes@2026-09-10
class,Part B - Male,male,mapped,1,1,NCT01029340,parsers.R@2026-08-17 / outcomes@2026-09-10
class,Part B: Female (n = 9),female,mapped,1,1,NCT01161537,parsers.R@2026-08-17 / outcomes@2026-09-10
class,Part B: Male (n = 9),male,mapped,1,1,NCT01161537,parsers.R@2026-08-17 / outcomes@2026-09-10
class,Part B: Randomized - Placebo,,unrecognized,1,1,NCT02705755,parsers.R@2026-08-17 / outcomes@2026-09-10
class,Part B: Randomized - TD-9855,,unrecognized,1,1,NCT02705755,parsers.R@2026-08-17 / outcomes@2026-09-10
class,Part C - Female,female,mapped,1,1,NCT01029340,parsers.R@2026-08-17 / outcomes@2026-09-10
class,Part C - Male,male,mapped,1,1,NCT01029340,parsers.R@2026-08-17 / outcomes@2026-09-10
class,Part C: Dose Extension,,structural_or_group,1,1,NCT02705755,parsers.R@2026-08-17 / outcomes@2026-09-10
class,Part I (SAD),,unrecognized,1,1,NCT04036227,parsers.R@2026-08-17 / outcomes@2026-09-10
class,Part II (MAD),,unrecognized,1,1,NCT04036227,parsers.R@2026-08-17 / outcomes@2026-09-10
class,Participant Reported Gender,,unrecognized,1,1,NCT04524598,parsers.R@2026-08-17 / outcomes@2026-09-10
class,Participant with Dementia,,unrecognized,1,1,NCT05202223,parsers.R@2026-08-17 / outcomes@2026-09-10
class,Participant-described Gender Identity,,unrecognized,1,1,NCT04066959,parsers.R@2026-08-17 / outcomes@2026-09-10
class,Participants Analyzed,,unrecognized,1,1,NCT04948268,parsers.R@2026-08-17 / outcomes@2026-09-10
class,Participants With Psychosis,,unrecognized,1,1,NCT06080477,parsers.R@2026-08-17 / outcomes@2026-09-10
class,Participants assigned to open-label TD1414 TID,,unrecognized,1,1,NCT00626795,parsers.R@2026-08-17 / outcomes@2026-09-10
class,Participants by Sex,,unrecognized,1,1,NCT02122458,parsers.R@2026-08-17 / outcomes@2026-09-10
class,Participants randomized to blinded treatment,,unrecognized,1,1,NCT00626795,parsers.R@2026-08-17 / outcomes@2026-09-10
class,Participants substituted,,unrecognized,1,1,NCT01546922,parsers.R@2026-08-17 / outcomes@2026-09-10
class,Participants who reported no past-12-month use of alcohol or other drugs at baseline,gender_diverse,mapped,1,1,NCT02233946,parsers.R@2026-08-17 / outcomes@2026-09-10
class,Participants who reported past-12-month use of alcohol or other drugs at baseline,gender_diverse,mapped,1,1,NCT02233946,parsers.R@2026-08-17 / outcomes@2026-09-10
class,Participants with G12C Mutation,,unrecognized,1,1,NCT02642042,parsers.R@2026-08-17 / outcomes@2026-09-10
class,Participants with Non-G12C Mutation,,unrecognized,1,1,NCT02642042,parsers.R@2026-08-17 / outcomes@2026-09-10
class,Participants with cognitive impairment,,unrecognized,1,1,NCT02729311,parsers.R@2026-08-17 / outcomes@2026-09-10
class,Participants.,,unrecognized,1,1,NCT05233098,parsers.R@2026-08-17 / outcomes@2026-09-10
class,Participated in 2007 but not in 2008,,structural_or_group,1,1,NCT00396409,parsers.R@2026-08-17 / outcomes@2026-09-10
class,Partners of Phase 2 patients,,unrecognized,1,1,NCT04680611,parsers.R@2026-08-17 / outcomes@2026-09-10
class,Partners of patients with severe eosinophilic asthma Phase 2,,unrecognized,1,1,NCT04680611,parsers.R@2026-08-17 / outcomes@2026-09-10
class,Parts 2 and 3,,unrecognized,1,1,NCT03464019,parsers.R@2026-08-17 / outcomes@2026-09-10
class,Parts A + B,,unrecognized,1,1,NCT02855164,parsers.R@2026-08-17 / outcomes@2026-09-10
class,Past two months,,unrecognized,1,1,NCT06001307,parsers.R@2026-08-17 / outcomes@2026-09-10
class,Past year,,unrecognized,1,1,NCT06001307,parsers.R@2026-08-17 / outcomes@2026-09-10
class,Patient Characteristics - Sex,,unrecognized,1,1,NCT05563714,parsers.R@2026-08-17 / outcomes@2026-09-10
class,Patient Communication,,unrecognized,1,1,NCT02354482,parsers.R@2026-08-17 / outcomes@2026-09-10
class,Patient Data,,unrecognized,1,1,NCT03988621,parsers.R@2026-08-17 / outcomes@2026-09-10
class,Patient Sex/Gender,,unrecognized,1,1,NCT03576495,parsers.R@2026-08-17 / outcomes@2026-09-10
class,Patient age,,unrecognized,1,1,NCT04010227,parsers.R@2026-08-17 / outcomes@2026-09-10
class,Patient gender,,unrecognized,1,1,NCT04869085,parsers.R@2026-08-17 / outcomes@2026-09-10
class,Patient participants,,unrecognized,1,1,NCT04347291,parsers.R@2026-08-17 / outcomes@2026-09-10
class,Patient sex,,unrecognized,1,1,NCT03283553,parsers.R@2026-08-17 / outcomes@2026-09-10
class,Patient with heart failure,,unrecognized,1,1,NCT04737759,parsers.R@2026-08-17 / outcomes@2026-09-10
class,Patient/Family Caregiver Assessment,,unrecognized,1,1,NCT02354482,parsers.R@2026-08-17 / outcomes@2026-09-10
class,Patients for whom gender was recorded,,structural_or_group,1,1,NCT00207883,parsers.R@2026-08-17 / outcomes@2026-09-10
class,Patients with severe eosinophilic asthma Phase 1,,unrecognized,1,1,NCT04680611,parsers.R@2026-08-17 / outcomes@2026-09-10
class,Patients with severe eosinophilic asthma Phase 2,,unrecognized,1,1,NCT04680611,parsers.R@2026-08-17 / outcomes@2026-09-10
class,Patients: Genderqueer/Other,gender_diverse,mapped,1,1,NCT03954184,parsers.R@2026-08-17 / outcomes@2026-09-10
class,Patients: Man,male,mapped,1,1,NCT03954184,parsers.R@2026-08-17 / outcomes@2026-09-10
class,Patients: Refused/Unknown,unknown,mapped,1,1,NCT03954184,parsers.R@2026-08-17 / outcomes@2026-09-10
class,Patients: Transgender Man,ambiguous,mapped,1,1,NCT03954184,parsers.R@2026-08-17 / outcomes@2026-09-10
class,Patients: Transgender Woman,ambiguous,mapped,1,1,NCT03954184,parsers.R@2026-08-17 / outcomes@2026-09-10
class,Patients: Woman,female,mapped,1,1,NCT03954184,parsers.R@2026-08-17 / outcomes@2026-09-10
class,Pediatric Inpatients With Community Acquired Pneumonia,,unrecognized,1,1,NCT06027593,parsers.R@2026-08-17 / outcomes@2026-09-10
class,Pediatric Outpatients With Acute Otitis Media,,unrecognized,1,1,NCT06027593,parsers.R@2026-08-17 / outcomes@2026-09-10
class,Pediatric Population,,unrecognized,1,1,NCT01121588,parsers.R@2026-08-17 / outcomes@2026-09-10
class,Peer Supporters,,unrecognized,1,1,NCT03689530,parsers.R@2026-08-17 / outcomes@2026-09-10
class,People with Multiple Sclerosis,,unrecognized,1,1,NCT05878873,parsers.R@2026-08-17 / outcomes@2026-09-10
class,Per Protocol Population,,unrecognized,1,1,NCT03861169,parsers.R@2026-08-17 / outcomes@2026-09-10
class,Per protocol,,unrecognized,1,1,NCT02506868,parsers.R@2026-08-17 / outcomes@2026-09-10
class,Per protocol set (PPS),,unrecognized,1,1,NCT02391116,parsers.R@2026-08-17 / outcomes@2026-09-10
class,Per-Protocol (PP): Female,female,mapped,1,1,NCT02618772,parsers.R@2026-08-17 / outcomes@2026-09-10
class,Per-Protocol (PP): Male,male,mapped,1,1,NCT02618772,parsers.R@2026-08-17 / outcomes@2026-09-10
class,Per-protocol analysis set,,unrecognized,1,1,NCT03384966,parsers.R@2026-08-17 / outcomes@2026-09-10
class,Percent Female,female,mapped,1,1,NCT04525755,parsers.R@2026-08-17 / outcomes@2026-09-10
class,Percent Male,male,mapped,1,1,NCT04525755,parsers.R@2026-08-17 / outcomes@2026-09-10
class,Percent of female nursing home residents,female,mapped,1,1,NCT01720277,parsers.R@2026-08-17 / outcomes@2026-09-10
class,Percentage of male and female patients,female,mapped,1,1,NCT04174313,parsers.R@2026-08-17 / outcomes@2026-09-10
class,Period 1: Open-Label Run-In,,unrecognized,1,1,NCT03253796,parsers.R@2026-08-17 / outcomes@2026-09-10
class,Period 2: Open-Label Retreatment,,unrecognized,1,1,NCT03253796,parsers.R@2026-08-17 / outcomes@2026-09-10
class,Period 2: Withdrawal vs Continued Tx,,unrecognized,1,1,NCT03253796,parsers.R@2026-08-17 / outcomes@2026-09-10
class,Period: Dental Hygienists (Secondary),,unrecognized,1,1,NCT03892200,parsers.R@2026-08-17 / outcomes@2026-09-10
class,Periods 2 and 3,,unrecognized,1,1,NCT04581629,parsers.R@2026-08-17 / outcomes@2026-09-10
class,Person Living with Dementia,,unrecognized,1,1,NCT03896711,parsers.R@2026-08-17 / outcomes@2026-09-10
class,Persons living with dementia,,unrecognized,1,1,NCT06928467,parsers.R@2026-08-17 / outcomes@2026-09-10
class,Persons with Dementia,,unrecognized,1,1,NCT02483520,parsers.R@2026-08-17 / outcomes@2026-09-10
class,Persons with dementia,,unrecognized,1,1,NCT03622814,parsers.R@2026-08-17 / outcomes@2026-09-10
class,Pharmacies,,structural_or_group,1,1,NCT02191111,parsers.R@2026-08-17 / outcomes@2026-09-10
class,Pharmacodynamic analysis set,,unrecognized,1,1,NCT02472795,parsers.R@2026-08-17 / outcomes@2026-09-10
class,Phase 1 - Amlodipine+olmesartan - Female,female,mapped,1,1,NCT00523744,parsers.R@2026-08-17 / outcomes@2026-09-10
class,Phase 1 - Amlodipine+olmesartan - Male,male,mapped,1,1,NCT00523744,parsers.R@2026-08-17 / outcomes@2026-09-10
class,Phase 1 Female,female,mapped,1,1,NCT01674010,parsers.R@2026-08-17 / outcomes@2026-09-10
class,Phase 1 Male,male,mapped,1,1,NCT01674010,parsers.R@2026-08-17 / outcomes@2026-09-10
class,Phase 1 Patients with severe eosinophilic asthma,,unrecognized,1,1,NCT04680611,parsers.R@2026-08-17 / outcomes@2026-09-10
class,Phase 1: Natural History Period,,unrecognized,1,1,NCT02362425,parsers.R@2026-08-17 / outcomes@2026-09-10
class,Phase 2 - Amlodipine+valsartan - Female,female,mapped,1,1,NCT00523744,parsers.R@2026-08-17 / outcomes@2026-09-10
class,Phase 2 - Amlodipine+valsartan - Male,male,mapped,1,1,NCT00523744,parsers.R@2026-08-17 / outcomes@2026-09-10
class,Phase 2 Baseline Females,female,mapped,1,1,NCT00113295,parsers.R@2026-08-17 / outcomes@2026-09-10
class,Phase 2 Baseline Males,male,mapped,1,1,NCT00113295,parsers.R@2026-08-17 / outcomes@2026-09-10
class,Phase 2 ELND005 500 BID Female,female,mapped,1,1,NCT01674010,parsers.R@2026-08-17 / outcomes@2026-09-10
class,Phase 2 ELND005 500 BID Male,male,mapped,1,1,NCT01674010,parsers.R@2026-08-17 / outcomes@2026-09-10
class,Phase 2 Extension,,structural_or_group,1,1,NCT02795988,parsers.R@2026-08-17 / outcomes@2026-09-10
class,Phase 2 Placebo Female,female,mapped,1,1,NCT01674010,parsers.R@2026-08-17 / outcomes@2026-09-10
class,Phase 2 Placebo Male,male,mapped,1,1,NCT01674010,parsers.R@2026-08-17 / outcomes@2026-09-10
class,Phase 2 patients with severe eosinophilic asthma,,unrecognized,1,1,NCT04680611,parsers.R@2026-08-17 / outcomes@2026-09-10
class,Phase 2: Randomized Period,,unrecognized,1,1,NCT02362425,parsers.R@2026-08-17 / outcomes@2026-09-10
class,Phase 2a,,unrecognized,1,1,NCT03816891,parsers.R@2026-08-17 / outcomes@2026-09-10
class,Phase 2b,,unrecognized,1,1,NCT03816891,parsers.R@2026-08-17 / outcomes@2026-09-10
class,Phase 3,,unrecognized,1,1,NCT04762680,parsers.R@2026-08-17 / outcomes@2026-09-10
class,Phase 3 - Amlodipine+valsartan+HCTZ - Female,female,mapped,1,1,NCT00523744,parsers.R@2026-08-17 / outcomes@2026-09-10
class,Phase 3 - Amlodipine+valsartan+HCTZ - Male,male,mapped,1,1,NCT00523744,parsers.R@2026-08-17 / outcomes@2026-09-10
class,Phase 3 - Exploratory,,structural_or_group,1,1,NCT04762680,parsers.R@2026-08-17 / outcomes@2026-09-10
class,Phase I - Candesartan+HCTZ,,structural_or_group,2,1,NCT00867490,parsers.R@2026-08-17 / outcomes@2026-09-10
class,Phase I subjects with xerostomia,,unrecognized,1,1,NCT05058430,parsers.R@2026-08-17 / outcomes@2026-09-10
class,Phase I subjects without xerostomia,,unrecognized,1,1,NCT05058430,parsers.R@2026-08-17 / outcomes@2026-09-10
class,Phase I- Female,female,mapped,1,1,NCT00426556,parsers.R@2026-08-17 / outcomes@2026-09-10
class,Phase II - Aliskiren+HCTZ,,structural_or_group,2,1,NCT00867490,parsers.R@2026-08-17 / outcomes@2026-09-10
class,Phase II - Baseline Sex,,structural_or_group,1,1,NCT02868034,parsers.R@2026-08-17 / outcomes@2026-09-10
class,Phase II - Female,female,mapped,1,1,NCT00426556,parsers.R@2026-08-17 / outcomes@2026-09-10
class,Phase II analysis,,unrecognized,1,1,NCT01013649,parsers.R@2026-08-17 / outcomes@2026-09-10
class,Phase II subjects with xerostomia,,unrecognized,1,1,NCT05058430,parsers.R@2026-08-17 / outcomes@2026-09-10
class,Phase II subjects without xerostomia,,unrecognized,1,1,NCT05058430,parsers.R@2026-08-17 / outcomes@2026-09-10
class,Phase III,,unrecognized,1,1,NCT05124691,parsers.R@2026-08-17 / outcomes@2026-09-10
class,Phase III - Aliskiren+HCTZ+amlodipine,,structural_or_group,2,1,NCT00867490,parsers.R@2026-08-17 / outcomes@2026-09-10
class,Phase III analysis,,unrecognized,1,1,NCT01013649,parsers.R@2026-08-17 / outcomes@2026-09-10
class,Physicians,,unrecognized,1,1,NCT05387564,parsers.R@2026-08-17 / outcomes@2026-09-10
class,Pita Study,,unrecognized,1,1,NCT01806688,parsers.R@2026-08-17 / outcomes@2026-09-10
class,Placebo,,unrecognized,1,1,NCT02348619,parsers.R@2026-08-17 / outcomes@2026-09-10
class,Placebo Comparator: Placebo (Folic acid),,unrecognized,1,1,NCT01436266,parsers.R@2026-08-17 / outcomes@2026-09-10
class,Placebo and AS012 Regimens,,unrecognized,1,1,NCT04487860,parsers.R@2026-08-17 / outcomes@2026-09-10
class,Placebo in TP2 - JIA Category: ERA,,unrecognized,1,1,NCT03031782,parsers.R@2026-08-17 / outcomes@2026-09-10
class,Placebo in TP2 - JIA Category: JPsA,,unrecognized,1,1,NCT03031782,parsers.R@2026-08-17 / outcomes@2026-09-10
class,Placebo to AS012 Regimens,,unrecognized,1,1,NCT04487860,parsers.R@2026-08-17 / outcomes@2026-09-10
class,Positive,,unrecognized,1,1,NCT00978068,parsers.R@2026-08-17 / outcomes@2026-09-10
class,Post-Intervention,,unrecognized,1,1,NCT02402881,parsers.R@2026-08-17 / outcomes@2026-09-10
class,Post-Randomization,,unrecognized,1,1,NCT03896789,parsers.R@2026-08-17 / outcomes@2026-09-10
class,Post-Trial Sex,,unrecognized,1,1,NCT04263363,parsers.R@2026-08-17 / outcomes@2026-09-10
class,Pre-Implementation,,unrecognized,1,1,NCT01875861,parsers.R@2026-08-17 / outcomes@2026-09-10
class,Pre-Intervention,,unrecognized,1,1,NCT02402881,parsers.R@2026-08-17 / outcomes@2026-09-10
class,Pre-Trial Sex,,unrecognized,1,1,NCT04263363,parsers.R@2026-08-17 / outcomes@2026-09-10
class,Prefer Not To Answer,unknown,mapped,1,1,NCT04523779,parsers.R@2026-08-17 / outcomes@2026-09-10
class,Prefer Not to Disclose,unknown,mapped,1,1,NCT03715426,parsers.R@2026-08-17 / outcomes@2026-09-10
class,Prefer Not to Report,unknown,mapped,1,1,NCT02997085,parsers.R@2026-08-17 / outcomes@2026-09-10
category,Prefer Not to Say,unknown,mapped,1,1,NCT05105789,parsers.R@2026-08-17 / outcomes@2026-09-10
category,Prefer not answer,unknown,mapped,1,1,NCT06049043,parsers.R@2026-08-17 / outcomes@2026-09-10
category,Prefer not to Answer,unknown,mapped,1,1,NCT04047420,parsers.R@2026-08-17 / outcomes@2026-09-10
class,Prefer not to answer or missing,unknown,mapped,1,1,NCT02289105,parsers.R@2026-08-17 / outcomes@2026-09-10
category,Prefer not to answer the question,unknown,mapped,1,1,NCT06042855,parsers.R@2026-08-17 / outcomes@2026-09-10
class,Prefer not to answer/unknown,unknown,mapped,1,1,NCT04248725,parsers.R@2026-08-17 / outcomes@2026-09-10
class,Prefer not to anwer,unknown,mapped,1,1,NCT05020353,parsers.R@2026-08-17 / outcomes@2026-09-10
category,Prefer not to describe,unknown,mapped,1,1,NCT03768336,parsers.R@2026-08-17 / outcomes@2026-09-10
class,Prefer not to identify,unknown,mapped,1,1,NCT05529173,parsers.R@2026-08-17 / outcomes@2026-09-10
category,Prefer not to say / unknown,unknown,mapped,1,1,NCT05006703,parsers.R@2026-08-17 / outcomes@2026-09-10
category,Prefer not to specify,unknown,mapped,1,1,NCT03697083,parsers.R@2026-08-17 / outcomes@2026-09-10
category,Prefer not to state,unknown,mapped,1,1,NCT04357821,parsers.R@2026-08-17 / outcomes@2026-09-10
class,Prefer not to tell,unknown,mapped,1,1,NCT05556148,parsers.R@2026-08-17 / outcomes@2026-09-10
category,Prefer to self describe,gender_diverse,mapped,1,1,NCT06118359,parsers.R@2026-08-17 / outcomes@2026-09-10
category,Prefer to self-describe,gender_diverse,mapped,2,1,NCT04347291,parsers.R@2026-08-17 / outcomes@2026-09-10
class,Prefer to self-describe/non-binary,gender_diverse,mapped,1,1,NCT05316597,parsers.R@2026-08-17 / outcomes@2026-09-10
class,Preferred not to answer,unknown,mapped,1,1,NCT04484649,parsers.R@2026-08-17 / outcomes@2026-09-10
category,Prefers not to identify,unknown,mapped,1,1,NCT04428112,parsers.R@2026-08-17 / outcomes@2026-09-10
class,Pregnant,,structural_or_group,1,1,NCT05764408,parsers.R@2026-08-17 / outcomes@2026-09-10
class,Pregnant Women,female,mapped,1,1,NCT01400880,parsers.R@2026-08-17 / outcomes@2026-09-10
class,Premenopausal females,female,mapped,1,1,NCT04267562,parsers.R@2026-08-17 / outcomes@2026-09-10
class,Premenopausal women: estrogen substitution,female,mapped,1,1,NCT01546922,parsers.R@2026-08-17 / outcomes@2026-09-10
class,Present,,unrecognized,1,1,NCT03332303,parsers.R@2026-08-17 / outcomes@2026-09-10
class,Previously Treated : Female,female,mapped,1,1,NCT00633594,parsers.R@2026-08-17 / outcomes@2026-09-10
class,Previously Treated : Male,male,mapped,1,1,NCT00633594,parsers.R@2026-08-17 / outcomes@2026-09-10
class,Previously Treated Participants,,unrecognized,1,1,NCT02699450,parsers.R@2026-08-17 / outcomes@2026-09-10
class,Previously Untreated : Female,female,mapped,1,1,NCT00633594,parsers.R@2026-08-17 / outcomes@2026-09-10
class,Previously Untreated : Male,male,mapped,1,1,NCT00633594,parsers.R@2026-08-17 / outcomes@2026-09-10
class,Primary Care - Female,female,mapped,1,1,NCT03850431,parsers.R@2026-08-17 / outcomes@2026-09-10
class,Primary Care - Male,male,mapped,1,1,NCT03850431,parsers.R@2026-08-17 / outcomes@2026-09-10
class,Primary Care Participants,,unrecognized,1,1,NCT04350866,parsers.R@2026-08-17 / outcomes@2026-09-10
class,Primary Caregivers,,unrecognized,1,1,NCT04058886,parsers.R@2026-08-17 / outcomes@2026-09-10
class,Primary Cohort,,structural_or_group,1,1,NCT03905330,parsers.R@2026-08-17 / outcomes@2026-09-10
class,Primary care providers,,unrecognized,1,1,NCT04418232,parsers.R@2026-08-17 / outcomes@2026-09-10
class,Primary family caregiver,,unrecognized,1,1,NCT04855734,parsers.R@2026-08-17 / outcomes@2026-09-10
category,Private or public employed,,unrecognized,1,1,NCT03500172,parsers.R@2026-08-17 / outcomes@2026-09-10
class,Progressive improvement in walking performance,,unrecognized,1,1,NCT05103280,parsers.R@2026-08-17 / outcomes@2026-09-10
class,Prophylaxis Cohort,,structural_or_group,1,1,NCT03393975,parsers.R@2026-08-17 / outcomes@2026-09-10
class,Propofol,,unrecognized,1,1,NCT03284307,parsers.R@2026-08-17 / outcomes@2026-09-10
class,Q2W Regimen,,unrecognized,1,1,NCT02222922,parsers.R@2026-08-17 / outcomes@2026-09-10
class,Q3W Regimen,,unrecognized,1,1,NCT02222922,parsers.R@2026-08-17 / outcomes@2026-09-10
class,Quality assessment,,unrecognized,1,1,NCT01918072,parsers.R@2026-08-17 / outcomes@2026-09-10
class,Queer or another Identity,gender_diverse,mapped,1,1,NCT03396367,parsers.R@2026-08-17 / outcomes@2026-09-10
class,Queer/Genderqueer,gender_diverse,mapped,1,1,NCT02701049,parsers.R@2026-08-17 / outcomes@2026-09-10
class,Queer/Non Binary/Other,gender_diverse,mapped,1,1,NCT04937504,parsers.R@2026-08-17 / outcomes@2026-09-10
category,Queer/gay/lesbian/bisexual/pansexual/questioning,gender_diverse,mapped,1,1,NCT06425458,parsers.R@2026-08-17 / outcomes@2026-09-10
category,Questioning/I don't know,gender_diverse,mapped,1,1,NCT04757649,parsers.R@2026-08-17 / outcomes@2026-09-10
class,Questioning/Unsure,unknown,mapped,1,1,NCT02701049,parsers.R@2026-08-17 / outcomes@2026-09-10
class,RCT phase,,unrecognized,1,1,NCT02685709,parsers.R@2026-08-17 / outcomes@2026-09-10
class,RHB-104 from RHB-104,,unrecognized,1,1,NCT03009396,parsers.R@2026-08-17 / outcomes@2026-09-10
class,RHB-104 from placebo,,unrecognized,1,1,NCT03009396,parsers.R@2026-08-17 / outcomes@2026-09-10
class,Rand to OLE (Female),female,mapped,1,1,NCT01163032,parsers.R@2026-08-17 / outcomes@2026-09-10
class,Rand to OLE (Male),male,mapped,1,1,NCT01163032,parsers.R@2026-08-17 / outcomes@2026-09-10
class,Randomized Participants,,unrecognized,1,1,NCT03689530,parsers.R@2026-08-17 / outcomes@2026-09-10
class,Randomized treatment phase (RTP),,unrecognized,1,1,NCT03528681,parsers.R@2026-08-17 / outcomes@2026-09-10
class,Ranen Field Station,,unrecognized,1,1,NCT00223990,parsers.R@2026-08-17 / outcomes@2026-09-10
category,Rarely,,unrecognized,1,1,NCT05396014,parsers.R@2026-08-17 / outcomes@2026-09-10
class,Recent HIV test (within 6 months) :,,unrecognized,1,1,NCT03058835,parsers.R@2026-08-17 / outcomes@2026-09-10
class,Recipient gender,,unrecognized,1,1,NCT05462041,parsers.R@2026-08-17 / outcomes@2026-09-10
class,Rectal Chlamydia,,unrecognized,1,1,NCT01836445,parsers.R@2026-08-17 / outcomes@2026-09-10
class,Rectal Gonorrhea,,unrecognized,1,1,NCT01836445,parsers.R@2026-08-17 / outcomes@2026-09-10
class,Reference,,unrecognized,1,1,NCT02354482,parsers.R@2026-08-17 / outcomes@2026-09-10
category,Refusal,unknown,mapped,1,1,NCT03500172,parsers.R@2026-08-17 / outcomes@2026-09-10
category,Refuse to state,unknown,mapped,1,1,NCT04975191,parsers.R@2026-08-17 / outcomes@2026-09-10
category,Refused,unknown,mapped,1,1,NCT05108649,parsers.R@2026-08-17 / outcomes@2026-09-10
class,Refused to Answer,unknown,mapped,1,1,NCT04922320,parsers.R@2026-08-17 / outcomes@2026-09-10
class,Refused to answer,unknown,mapped,1,1,NCT03569449,parsers.R@2026-08-17 / outcomes@2026-09-10
category,Reported History of STI Diagnosis,,unrecognized,1,1,NCT02128217,parsers.R@2026-08-17 / outcomes@2026-09-10
class,Reported gender,,unrecognized,1,1,NCT03704142,parsers.R@2026-08-17 / outcomes@2026-09-10
category,Reported gender=Female,female,mapped,1,1,NCT03299049,parsers.R@2026-08-17 / outcomes@2026-09-10
category,Reported gender=Male,male,mapped,1,1,NCT03299049,parsers.R@2026-08-17 / outcomes@2026-09-10
class,Reru Field Station,,unrecognized,1,1,NCT00223990,parsers.R@2026-08-17 / outcomes@2026-09-10
class,Rescue therapy,,unrecognized,1,1,NCT02132195,parsers.R@2026-08-17 / outcomes@2026-09-10
class,Resident Sex/Gender,,unrecognized,1,1,NCT03576495,parsers.R@2026-08-17 / outcomes@2026-09-10
class,Resident participants,,unrecognized,1,1,NCT05255068,parsers.R@2026-08-17 / outcomes@2026-09-10
class,Resident-Participants,,unrecognized,1,1,NCT04855357,parsers.R@2026-08-17 / outcomes@2026-09-10
class,Result Totals,,unrecognized,1,1,NCT00863343,parsers.R@2026-08-17 / outcomes@2026-09-10
class,Rivaroxaban vs VKA (matched pop),,unrecognized,1,1,NCT02785354,parsers.R@2026-08-17 / outcomes@2026-09-10
class,Run-in phase,,unrecognized,1,1,NCT02685709,parsers.R@2026-08-17 / outcomes@2026-09-10
class,"Russia, Krasnodar",,unrecognized,1,1,NCT02143128,parsers.R@2026-08-17 / outcomes@2026-09-10
class,SAD-HS,,unrecognized,1,1,NCT04510090,parsers.R@2026-08-17 / outcomes@2026-09-10
class,SB204,,unrecognized,1,1,NCT02242760,parsers.R@2026-08-17 / outcomes@2026-09-10
class,SCED 1 + 2 Instructors,,unrecognized,1,1,NCT04518358,parsers.R@2026-08-17 / outcomes@2026-09-10
class,SCED 1 Adults with ASD,,unrecognized,1,1,NCT04518358,parsers.R@2026-08-17 / outcomes@2026-09-10
class,SCED 2 Adults with ASD,,unrecognized,1,1,NCT04518358,parsers.R@2026-08-17 / outcomes@2026-09-10
class,SD-CP,,unrecognized,1,1,NCT04510090,parsers.R@2026-08-17 / outcomes@2026-09-10
class,SD-UP,,unrecognized,1,1,NCT04510090,parsers.R@2026-08-17 / outcomes@2026-09-10
class,SS1,,unrecognized,1,1,NCT04173273,parsers.R@2026-08-17 / outcomes@2026-09-10
class,SS3,,unrecognized,1,1,NCT04173273,parsers.R@2026-08-17 / outcomes@2026-09-10
class,SS4,,unrecognized,1,1,NCT04173273,parsers.R@2026-08-17 / outcomes@2026-09-10
class,SSA,,unrecognized,1,1,NCT04173273,parsers.R@2026-08-17 / outcomes@2026-09-10
category,STRAIGHT/HETEROSEXUAL,,sexual_orientation,1,1,NCT04804072,parsers.R@2026-08-17 / outcomes@2026-09-10
class,SWAT trial,,unrecognized,1,1,NCT04717258,parsers.R@2026-08-17 / outcomes@2026-09-10
class,Safety Lead-In,,unrecognized,1,1,NCT03093870,parsers.R@2026-08-17 / outcomes@2026-09-10
class,Safety cohort,,structural_or_group,1,1,NCT03344172,parsers.R@2026-08-17 / outcomes@2026-09-10
class,Same Gender Loving,,unrecognized,1,1,NCT03313310,parsers.R@2026-08-17 / outcomes@2026-09-10
class,Second line,,unrecognized,1,1,NCT03193866,parsers.R@2026-08-17 / outcomes@2026-09-10
class,Sedative,,unrecognized,1,1,NCT06187415,parsers.R@2026-08-17 / outcomes@2026-09-10
class,Seed Study,,unrecognized,1,1,NCT01806688,parsers.R@2026-08-17 / outcomes@2026-09-10
class,Segment 1,,unrecognized,1,1,NCT01029704,parsers.R@2026-08-17 / outcomes@2026-09-10
class,Segment 2,,unrecognized,1,1,NCT01029704,parsers.R@2026-08-17 / outcomes@2026-09-10
class,Selection of Gender,,unrecognized,1,1,NCT02615171,parsers.R@2026-08-17 / outcomes@2026-09-10
category,Self-Described,gender_diverse,mapped,1,1,NCT03713034,parsers.R@2026-08-17 / outcomes@2026-09-10
class,Self-Identified Sexual/Gender Identity,,unrecognized,1,1,NCT05161689,parsers.R@2026-08-17 / outcomes@2026-09-10
class,Self-Identify,gender_diverse,mapped,1,1,NCT04692077,parsers.R@2026-08-17 / outcomes@2026-09-10
class,Self-Reported Gender,,unrecognized,1,1,NCT00288353,parsers.R@2026-08-17 / outcomes@2026-09-10
class,Self-describe,gender_diverse,mapped,1,1,NCT04798664,parsers.R@2026-08-17 / outcomes@2026-09-10
category,Self-describe,gender_diverse,mapped,1,1,NCT04948268,parsers.R@2026-08-17 / outcomes@2026-09-10
class,Self-described,gender_diverse,mapped,1,1,NCT04716010,parsers.R@2026-08-17 / outcomes@2026-09-10
category,Self-employed (formal or informal),,unrecognized,1,1,NCT03500172,parsers.R@2026-08-17 / outcomes@2026-09-10
class,Self-identified transgender women (TW),ambiguous,mapped,1,1,NCT03348163,parsers.R@2026-08-17 / outcomes@2026-09-10
category,Self-identify,gender_diverse,mapped,1,1,NCT04047420,parsers.R@2026-08-17 / outcomes@2026-09-10
class,Self-identify or No answer,unknown,mapped,1,1,NCT03488927,parsers.R@2026-08-17 / outcomes@2026-09-10
class,Self-reported STI in the lifetime (any kind),,unrecognized,1,1,NCT06187415,parsers.R@2026-08-17 / outcomes@2026-09-10
class,Self-reported gender identity,,unrecognized,1,1,NCT03951766,parsers.R@2026-08-17 / outcomes@2026-09-10
class,Semen contact/exchange,,unrecognized,1,1,NCT04233372,parsers.R@2026-08-17 / outcomes@2026-09-10
class,Service Provders: Male,male,mapped,1,1,NCT00612690,parsers.R@2026-08-17 / outcomes@2026-09-10
class,Service Providers: Female,female,mapped,1,1,NCT00612690,parsers.R@2026-08-17 / outcomes@2026-09-10
class,Sex (2 total/combined groups),,unrecognized,1,1,NCT02432846,parsers.R@2026-08-17 / outcomes@2026-09-10
class,Sex (4 arms/strata),,unrecognized,1,1,NCT02432846,parsers.R@2026-08-17 / outcomes@2026-09-10
class,Sex (NIH/OMB),,unrecognized,1,1,NCT05625061,parsers.R@2026-08-17 / outcomes@2026-09-10
class,Sex (Part 1),,unrecognized,1,1,NCT01200862,parsers.R@2026-08-17 / outcomes@2026-09-10
class,Sex (Part 2),,unrecognized,1,1,NCT01200862,parsers.R@2026-08-17 / outcomes@2026-09-10
class,Sex (female),female,mapped,1,1,NCT05194514,parsers.R@2026-08-17 / outcomes@2026-09-10
class,"Sex (male or female), n (%)",female,mapped,1,1,NCT06423352,parsers.R@2026-08-17 / outcomes@2026-09-10
class,Sex (male),male,mapped,1,1,NCT05194514,parsers.R@2026-08-17 / outcomes@2026-09-10
class,Sex - Lead Safety Phase,,unrecognized,1,1,NCT01576016,parsers.R@2026-08-17 / outcomes@2026-09-10
class,Sex - MRI Safety Phase,,unrecognized,1,1,NCT01576016,parsers.R@2026-08-17 / outcomes@2026-09-10
class,Sex : Sex,,unrecognized,1,1,NCT02674659,parsers.R@2026-08-17 / outcomes@2026-09-10
class,Sex Assigned at Birth,,unrecognized,1,1,NCT06065176,parsers.R@2026-08-17 / outcomes@2026-09-10
class,Sex Data for Participants Enrolled in Study mRNA-1273-P203,,unrecognized,1,1,NCT04649151,parsers.R@2026-08-17 / outcomes@2026-09-10
class,Sex Data for Participants Enrolled in Study mRNA-1273-P204,,unrecognized,1,1,NCT04796896,parsers.R@2026-08-17 / outcomes@2026-09-10
class,Sex Not Collected,unknown,mapped,1,1,NCT02825043,parsers.R@2026-08-17 / outcomes@2026-09-10
class,Sex and menopausal status,,unrecognized,1,1,NCT03147287,parsers.R@2026-08-17 / outcomes@2026-09-10
class,Sex assigned a birth,,unrecognized,1,1,NCT05899218,parsers.R@2026-08-17 / outcomes@2026-09-10
class,Sex assigned at birth Did not answer,unknown,mapped,1,1,NCT06069713,parsers.R@2026-08-17 / outcomes@2026-09-10
class,Sex assigned at birth Female,female,mapped,1,1,NCT06069713,parsers.R@2026-08-17 / outcomes@2026-09-10
class,Sex assigned at birth Male,male,mapped,1,1,NCT06069713,parsers.R@2026-08-17 / outcomes@2026-09-10
class,"Sex assigned at birth, female",female,mapped,1,1,NCT06132425,parsers.R@2026-08-17 / outcomes@2026-09-10
class,Sex at Birth and Use of Gender-Affirming Hormones,,unrecognized,1,1,NCT04840199,parsers.R@2026-08-17 / outcomes@2026-09-10
class,Sex at Birth: Female,female,mapped,1,1,NCT05113966,parsers.R@2026-08-17 / outcomes@2026-09-10
class,Sex at birth=Female,female,mapped,1,1,NCT03299049,parsers.R@2026-08-17 / outcomes@2026-09-10
class,Sex at birth=Male,male,mapped,1,1,NCT03299049,parsers.R@2026-08-17 / outcomes@2026-09-10
class,Sex female,female,mapped,1,1,NCT00866879,parsers.R@2026-08-17 / outcomes@2026-09-10
class,Sex in All Subjects,,unrecognized,1,1,NCT03979313,parsers.R@2026-08-17 / outcomes@2026-09-10
class,Sex in Primary Cohort,,structural_or_group,1,1,NCT03979313,parsers.R@2026-08-17 / outcomes@2026-09-10
class,Sex male,male,mapped,1,1,NCT00866879,parsers.R@2026-08-17 / outcomes@2026-09-10
class,Sex not analyzed,,unrecognized,1,1,NCT05337306,parsers.R@2026-08-17 / outcomes@2026-09-10
class,Sex not measured,unknown,mapped,1,1,NCT03722264,parsers.R@2026-08-17 / outcomes@2026-09-10
class,Sex not recorded,unknown,mapped,1,1,NCT02255214,parsers.R@2026-08-17 / outcomes@2026-09-10
class,Sex not reported,unknown,mapped,1,1,NCT03407417,parsers.R@2026-08-17 / outcomes@2026-09-10
class,Sex of Infants,,unrecognized,1,1,NCT01667549,parsers.R@2026-08-17 / outcomes@2026-09-10
class,Sex of Mothers,,unrecognized,1,1,NCT01667549,parsers.R@2026-08-17 / outcomes@2026-09-10
class,Sex of Particpants : Female,female,mapped,1,1,NCT02967991,parsers.R@2026-08-17 / outcomes@2026-09-10
class,Sex of Particpants : Male,male,mapped,1,1,NCT02967991,parsers.R@2026-08-17 / outcomes@2026-09-10
class,Sex of adolescent members of dyads,,unrecognized,1,1,NCT05058664,parsers.R@2026-08-17 / outcomes@2026-09-10
class,Sex of caregiver enrolled,,unrecognized,1,1,NCT04576481,parsers.R@2026-08-17 / outcomes@2026-09-10
class,Sex of caregiver members of dyads,,unrecognized,1,1,NCT05058664,parsers.R@2026-08-17 / outcomes@2026-09-10
class,Sex of child enrolled,,unrecognized,1,1,NCT04576481,parsers.R@2026-08-17 / outcomes@2026-09-10
class,Sex of child-Female,female,mapped,1,1,NCT04042467,parsers.R@2026-08-17 / outcomes@2026-09-10
class,Sex of child-Male,male,mapped,1,1,NCT04042467,parsers.R@2026-08-17 / outcomes@2026-09-10
class,Sex of newborn,,unrecognized,1,1,NCT02148952,parsers.R@2026-08-17 / outcomes@2026-09-10
class,Sex of parent-Female,female,mapped,1,1,NCT04042467,parsers.R@2026-08-17 / outcomes@2026-09-10
class,Sex of parent-Male,male,mapped,1,1,NCT04042467,parsers.R@2026-08-17 / outcomes@2026-09-10
class,Sex of parent-Other,gender_diverse,mapped,1,1,NCT04042467,parsers.R@2026-08-17 / outcomes@2026-09-10
class,Sex of participant,,unrecognized,1,1,NCT03758638,parsers.R@2026-08-17 / outcomes@2026-09-10
class,Sex of provider,,unrecognized,1,1,NCT03758638,parsers.R@2026-08-17 / outcomes@2026-09-10
class,Sex of referred child - female,female,mapped,1,1,NCT06195579,parsers.R@2026-08-17 / outcomes@2026-09-10
class,Sex of referred child - male,male,mapped,1,1,NCT06195579,parsers.R@2026-08-17 / outcomes@2026-09-10
class,Sex with Male Partner with STI,male,mapped,1,1,NCT03313310,parsers.R@2026-08-17 / outcomes@2026-09-10
class,"Sex,",,unrecognized,1,1,NCT03870997,parsers.R@2026-08-17 / outcomes@2026-09-10
class,"Sex, Period 1",,unrecognized,1,1,NCT01120028,parsers.R@2026-08-17 / outcomes@2026-09-10
class,"Sex, Period 2",,unrecognized,1,1,NCT01120028,parsers.R@2026-08-17 / outcomes@2026-09-10
class,"Sex, Unknown",unknown,mapped,1,1,NCT04660331,parsers.R@2026-08-17 / outcomes@2026-09-10
class,"Sex, other",gender_diverse,mapped,1,1,NCT04103749,parsers.R@2026-08-17 / outcomes@2026-09-10
class,Sex/ Gender,,unrecognized,1,1,NCT03898557,parsers.R@2026-08-17 / outcomes@2026-09-10
class,Sex/Gender (Count),,unrecognized,1,1,NCT06457802,parsers.R@2026-08-17 / outcomes@2026-09-10
class,Sex/Gender (customized),,unrecognized,1,1,NCT04133831,parsers.R@2026-08-17 / outcomes@2026-09-10
class,Sex/Gender : Female gender identity,female,mapped,1,1,NCT05965427,parsers.R@2026-08-17 / outcomes@2026-09-10
class,Sex/Gender : Male gender identity,male,mapped,1,1,NCT05965427,parsers.R@2026-08-17 / outcomes@2026-09-10
class,Sex/Gender : Male sex at birth,male,mapped,1,1,NCT05965427,parsers.R@2026-08-17 / outcomes@2026-09-10
class,Sex/Gender : Non-binary,gender_diverse,mapped,1,1,NCT05965427,parsers.R@2026-08-17 / outcomes@2026-09-10
class,Sex/Gender Baseline,,structural_or_group,1,1,NCT01154933,parsers.R@2026-08-17 / outcomes@2026-09-10
class,Sex/Gender Female (ACTIVE ONLY),female,mapped,1,1,NCT05870345,parsers.R@2026-08-17 / outcomes@2026-09-10
class,Sex/Gender Male (ACTIVE ONLY),male,mapped,1,1,NCT05870345,parsers.R@2026-08-17 / outcomes@2026-09-10
class,Sex/Gender Not Collected,unknown,mapped,1,1,NCT00901199,parsers.R@2026-08-17 / outcomes@2026-09-10
class,Sex/Gender Unknown,unknown,mapped,1,1,NCT03031431,parsers.R@2026-08-17 / outcomes@2026-09-10
class,Sex/Gender data were not collected,unknown,mapped,1,1,NCT07243548,parsers.R@2026-08-17 / outcomes@2026-09-10
class,Sex/Gender data were not collected.,unknown,mapped,1,1,NCT02360098,parsers.R@2026-08-17 / outcomes@2026-09-10
class,Sex/Gender not analyzed,,unrecognized,1,1,NCT00792922,parsers.R@2026-08-17 / outcomes@2026-09-10
class,Sex/Gender unspecified,unknown,mapped,1,1,NCT00973856,parsers.R@2026-08-17 / outcomes@2026-09-10
class,Sex/Gender was not collected,unknown,mapped,1,1,NCT02130401,parsers.R@2026-08-17 / outcomes@2026-09-10
class,Sex/Prefer not to answer,unknown,mapped,1,1,NCT04000360,parsers.R@2026-08-17 / outcomes@2026-09-10
class,Sex: Female,female,mapped,1,1,NCT02304757,parsers.R@2026-08-17 / outcomes@2026-09-10
class,"Sex: Female, Male (Age group 2 - 5.99 years)",female,mapped,1,1,NCT03763656,parsers.R@2026-08-17 / outcomes@2026-09-10
class,"Sex: Female, Male (Age group 6 - 17.99 years)",female,mapped,1,1,NCT03763656,parsers.R@2026-08-17 / outcomes@2026-09-10
class,"Sex: Female, Male (Age group 6 months - 1.99 years)",female,mapped,1,1,NCT03763656,parsers.R@2026-08-17 / outcomes@2026-09-10
class,"Sex: Female, Male (Overall)",female,mapped,1,1,NCT03763656,parsers.R@2026-08-17 / outcomes@2026-09-10
class,"Sex: Female, Male, Other",gender_diverse,mapped,1,1,NCT04707846,parsers.R@2026-08-17 / outcomes@2026-09-10
class,Sex: Infants,,unrecognized,1,1,NCT02724774,parsers.R@2026-08-17 / outcomes@2026-09-10
class,Sex: Mothers,,unrecognized,1,1,NCT02724774,parsers.R@2026-08-17 / outcomes@2026-09-10
class,Sex:Female,female,mapped,1,1,NCT03202134,parsers.R@2026-08-17 / outcomes@2026-09-10
class,"Sex; Female, Male",female,mapped,1,1,NCT03252249,parsers.R@2026-08-17 / outcomes@2026-09-10
class,Sexual Activity and/or ED Status is Unknown,unknown,mapped,1,1,NCT00384930,parsers.R@2026-08-17 / outcomes@2026-09-10
class,Sexual Function Score,,unrecognized,1,1,NCT03716739,parsers.R@2026-08-17 / outcomes@2026-09-10
category,Sexual Minority,,unrecognized,1,1,NCT05107401,parsers.R@2026-08-17 / outcomes@2026-09-10
class,"Sexual Orientation Different than ""hetero""/""straight""",,sexual_orientation,1,1,NCT05781503,parsers.R@2026-08-17 / outcomes@2026-09-10
class,"Sexual Violence Vict. ""COSTS""",,unrecognized,1,1,NCT03726437,parsers.R@2026-08-17 / outcomes@2026-09-10
class,"Sexual Violence Vict. ""SOTS""",,unrecognized,1,1,NCT03726437,parsers.R@2026-08-17 / outcomes@2026-09-10
class,Sexual activity,,unrecognized,1,1,NCT00512707,parsers.R@2026-08-17 / outcomes@2026-09-10
category,Sexual activity (vaginal sex) ≥ 3 times per one month,,unrecognized,1,1,NCT03894813,parsers.R@2026-08-17 / outcomes@2026-09-10
class,Sexual encounter attempts,,unrecognized,1,1,NCT00512707,parsers.R@2026-08-17 / outcomes@2026-09-10
class,Sexual interest,,unrecognized,1,1,NCT03624972,parsers.R@2026-08-17 / outcomes@2026-09-10
category,Sexual minority,,unrecognized,1,1,NCT04251273,parsers.R@2026-08-17 / outcomes@2026-09-10
class,Sexual or gender minority,gender_diverse,mapped,1,1,NCT04089137,parsers.R@2026-08-17 / outcomes@2026-09-10
class,Sexually Active with ED,,unrecognized,1,1,NCT00384930,parsers.R@2026-08-17 / outcomes@2026-09-10
class,Sexually Active without ED,,unrecognized,1,1,NCT00384930,parsers.R@2026-08-17 / outcomes@2026-09-10
category,Sexually active,,unrecognized,1,1,NCT03624972,parsers.R@2026-08-17 / outcomes@2026-09-10
class,She/Her/Hers,,unrecognized,1,1,NCT03177148,parsers.R@2026-08-17 / outcomes@2026-09-10
class,Siblings,,unrecognized,1,1,NCT02873715,parsers.R@2026-08-17 / outcomes@2026-09-10
class,Single Dose,,unrecognized,1,1,NCT03073213,parsers.R@2026-08-17 / outcomes@2026-09-10
class,Single dose,,unrecognized,1,1,NCT03570918,parsers.R@2026-08-17 / outcomes@2026-09-10
class,Single eyes,,unrecognized,1,1,NCT04200651,parsers.R@2026-08-17 / outcomes@2026-09-10
class,Single gender identity,,structural_or_group,1,1,NCT05061966,parsers.R@2026-08-17 / outcomes@2026-09-10
class,Single-blind period,,unrecognized,1,1,NCT04424927,parsers.R@2026-08-17 / outcomes@2026-09-10
class,Skills,,unrecognized,1,1,NCT06487390,parsers.R@2026-08-17 / outcomes@2026-09-10
class,Skin Cohort,,structural_or_group,1,1,NCT05192200,parsers.R@2026-08-17 / outcomes@2026-09-10
class,Sleep,,unrecognized,1,1,NCT03284307,parsers.R@2026-08-17 / outcomes@2026-09-10
class,Something else,gender_diverse,mapped,2,1,NCT03844321,parsers.R@2026-08-17 / outcomes@2026-09-10
class,South Africa,,unrecognized,1,1,NCT04924660,parsers.R@2026-08-17 / outcomes@2026-09-10
class,Spain,,unrecognized,1,1,NCT04924660,parsers.R@2026-08-17 / outcomes@2026-09-10
class,Spinal cord injury individuals,,unrecognized,1,1,NCT04083794,parsers.R@2026-08-17 / outcomes@2026-09-10
class,Spouse/Partner,,unrecognized,1,1,NCT04737759,parsers.R@2026-08-17 / outcomes@2026-09-10
class,Staff,,unrecognized,1,1,NCT04350866,parsers.R@2026-08-17 / outcomes@2026-09-10
class,Staff participants,,unrecognized,1,1,NCT05255068,parsers.R@2026-08-17 / outcomes@2026-09-10
class,Staff-Participants,,unrecognized,1,1,NCT04855357,parsers.R@2026-08-17 / outcomes@2026-09-10
class,Staff/coaches (for exploratory outcomes),,unrecognized,1,1,NCT05132322,parsers.R@2026-08-17 / outcomes@2026-09-10
class,Stage 1 Randomization,,unrecognized,1,1,NCT02368002,parsers.R@2026-08-17 / outcomes@2026-09-10
class,Stage 2 DOT,,unrecognized,1,1,NCT01960257,parsers.R@2026-08-17 / outcomes@2026-09-10
class,Stage 2 Re-Randomization,,unrecognized,1,1,NCT02368002,parsers.R@2026-08-17 / outcomes@2026-09-10
class,Stage 2 Sanofi,,unrecognized,1,1,NCT05000216,parsers.R@2026-08-17 / outcomes@2026-09-10
class,Stage 2 WOT,,unrecognized,1,1,NCT01960257,parsers.R@2026-08-17 / outcomes@2026-09-10
class,Stage 3,,unrecognized,1,1,NCT05306873,parsers.R@2026-08-17 / outcomes@2026-09-10
class,Stage A,,unrecognized,1,1,NCT04281472,parsers.R@2026-08-17 / outcomes@2026-09-10
class,Stage B,,unrecognized,1,1,NCT04281472,parsers.R@2026-08-17 / outcomes@2026-09-10
class,Stage1 2 g (curcumin): Female,female,mapped,1,1,NCT00365209,parsers.R@2026-08-17 / outcomes@2026-09-10
class,Stage1 2 g (curcumin): Male,male,mapped,1,1,NCT00365209,parsers.R@2026-08-17 / outcomes@2026-09-10
class,Stage2 4 g (curcumin): Female,female,mapped,1,1,NCT00365209,parsers.R@2026-08-17 / outcomes@2026-09-10
class,Stage2 4 g (curcumin): Male,male,mapped,1,1,NCT00365209,parsers.R@2026-08-17 / outcomes@2026-09-10
class,Stakeholders,,unrecognized,1,1,NCT03916146,parsers.R@2026-08-17 / outcomes@2026-09-10
class,Stanford,,unrecognized,1,1,NCT03369067,parsers.R@2026-08-17 / outcomes@2026-09-10
class,Step 1,,unrecognized,1,1,NCT03635788,parsers.R@2026-08-17 / outcomes@2026-09-10
class,Step 2,,unrecognized,1,1,NCT03635788,parsers.R@2026-08-17 / outcomes@2026-09-10
class,Stepped wedge,,unrecognized,1,1,NCT01918072,parsers.R@2026-08-17 / outcomes@2026-09-10
category,Straight (heterosexual),,sexual_orientation,1,1,NCT05692960,parsers.R@2026-08-17 / outcomes@2026-09-10
class,Straight / Heterosexual,,sexual_orientation,1,1,NCT03552978,parsers.R@2026-08-17 / outcomes@2026-09-10
class,Straight or heterosexual,,sexual_orientation,1,1,NCT04108988,parsers.R@2026-08-17 / outcomes@2026-09-10
category,"Straight, heterosexual",,sexual_orientation,1,1,NCT06281171,parsers.R@2026-08-17 / outcomes@2026-09-10
class,Straight/Heterosexual,,sexual_orientation,1,1,NCT01687218,parsers.R@2026-08-17 / outcomes@2026-09-10
class,Stratification: Women Age 65 and Older,female,mapped,1,1,NCT02991534,parsers.R@2026-08-17 / outcomes@2026-09-10
class,Stratification: Women Less Than Age 65,female,mapped,1,1,NCT02991534,parsers.R@2026-08-17 / outcomes@2026-09-10
class,Stroke Survivor Participant,,unrecognized,1,1,NCT05672628,parsers.R@2026-08-17 / outcomes@2026-09-10
category,Strongly Agree,,unrecognized,1,1,NCT03808883,parsers.R@2026-08-17 / outcomes@2026-09-10
category,Strongly Disagree,,unrecognized,1,1,NCT03808883,parsers.R@2026-08-17 / outcomes@2026-09-10
class,Student,,unrecognized,1,1,NCT05965323,parsers.R@2026-08-17 / outcomes@2026-09-10
class,Student - Female,female,mapped,1,1,NCT03901274,parsers.R@2026-08-17 / outcomes@2026-09-10
class,Student - Male,male,mapped,1,1,NCT03901274,parsers.R@2026-08-17 / outcomes@2026-09-10
class,Student - Missing or Prefer Not to Answer,unknown,mapped,1,1,NCT03901274,parsers.R@2026-08-17 / outcomes@2026-09-10
class,Student - Nonbinary / Gender Non-Conforming,gender_diverse,mapped,1,1,NCT03901274,parsers.R@2026-08-17 / outcomes@2026-09-10
class,Student Gender,,unrecognized,1,1,NCT03740113,parsers.R@2026-08-17 / outcomes@2026-09-10
class,Student gender (number that are male) by cluster.,male,mapped,1,1,NCT03694418,parsers.R@2026-08-17 / outcomes@2026-09-10
class,Student participants,,unrecognized,1,1,NCT03766906,parsers.R@2026-08-17 / outcomes@2026-09-10
category,Students,,unrecognized,6,1,NCT04752189,parsers.R@2026-08-17 / outcomes@2026-09-10
class,Students,,unrecognized,1,1,NCT03132805,parsers.R@2026-08-17 / outcomes@2026-09-10
class,Students: Female,female,mapped,1,1,NCT00612690,parsers.R@2026-08-17 / outcomes@2026-09-10
class,Students: Male,male,mapped,1,1,NCT00612690,parsers.R@2026-08-17 / outcomes@2026-09-10
class,Study 1,,unrecognized,1,1,NCT04169373,parsers.R@2026-08-17 / outcomes@2026-09-10
class,Study 1-RYGB vs Caloric Restriction,,unrecognized,1,1,NCT02762708,parsers.R@2026-08-17 / outcomes@2026-09-10
class,Study 2,,unrecognized,1,1,NCT04169373,parsers.R@2026-08-17 / outcomes@2026-09-10
class,"Study 2-Exendin (9,39) Amide Study",,unrecognized,1,1,NCT02762708,parsers.R@2026-08-17 / outcomes@2026-09-10
class,Study A (men with a normal sperm concentration),male,mapped,1,1,NCT03553927,parsers.R@2026-08-17 / outcomes@2026-09-10
class,Study A05 Non-autopsy Cases,,unrecognized,1,1,NCT03901092,parsers.R@2026-08-17 / outcomes@2026-09-10
class,Study A16 Autopsy Cases,,unrecognized,1,1,NCT03901092,parsers.R@2026-08-17 / outcomes@2026-09-10
class,Study B (men with a low sperm concentration),male,mapped,1,1,NCT03553927,parsers.R@2026-08-17 / outcomes@2026-09-10
class,Study completers,,unrecognized,1,1,NCT02349893,parsers.R@2026-08-17 / outcomes@2026-09-10
class,Study dropouts,,unrecognized,1,1,NCT02349893,parsers.R@2026-08-17 / outcomes@2026-09-10
class,Sub Study,,unrecognized,1,1,NCT04625725,parsers.R@2026-08-17 / outcomes@2026-09-10
class,Sub-Study,,unrecognized,1,1,NCT01970410,parsers.R@2026-08-17 / outcomes@2026-09-10
class,Sub-Study Participants,,unrecognized,1,1,NCT02906787,parsers.R@2026-08-17 / outcomes@2026-09-10
class,Sub-population A,,unrecognized,1,1,NCT02844439,parsers.R@2026-08-17 / outcomes@2026-09-10
class,Sub-population B,,unrecognized,1,1,NCT02844439,parsers.R@2026-08-17 / outcomes@2026-09-10
class,Sub-study,,unrecognized,1,1,NCT04717934,parsers.R@2026-08-17 / outcomes@2026-09-10
class,Subject 01-001,,unrecognized,1,1,NCT02718625,parsers.R@2026-08-17 / outcomes@2026-09-10
class,Subject 01-002,,unrecognized,1,1,NCT02718625,parsers.R@2026-08-17 / outcomes@2026-09-10
class,Subject 01-008,,unrecognized,1,1,NCT02718625,parsers.R@2026-08-17 / outcomes@2026-09-10
class,Substudy A: Sex/Gender,,unrecognized,1,1,NCT04885530,parsers.R@2026-08-17 / outcomes@2026-09-10
class,Substudy B: Sex/Gender,,unrecognized,1,1,NCT04885530,parsers.R@2026-08-17 / outcomes@2026-09-10
class,Substudy C: Sex/Gender,,unrecognized,1,1,NCT04885530,parsers.R@2026-08-17 / outcomes@2026-09-10
class,Substudy D: Sex/Gender,,unrecognized,1,1,NCT04885530,parsers.R@2026-08-17 / outcomes@2026-09-10
class,Substudy E: Sex/Gender,,unrecognized,1,1,NCT04885530,parsers.R@2026-08-17 / outcomes@2026-09-10
class,Substudy F: Sex/Gender,,unrecognized,1,1,NCT04885530,parsers.R@2026-08-17 / outcomes@2026-09-10
class,Substudy G: Sex/Gender,,unrecognized,1,1,NCT04885530,parsers.R@2026-08-17 / outcomes@2026-09-10
class,Successful Sexual Intercourse (Satisfaction),,unrecognized,1,1,NCT00512707,parsers.R@2026-08-17 / outcomes@2026-09-10
class,Successful sexual Intercourse(Ejaculations),,unrecognized,1,1,NCT00512707,parsers.R@2026-08-17 / outcomes@2026-09-10
class,Support persons,,unrecognized,1,1,NCT04347291,parsers.R@2026-08-17 / outcomes@2026-09-10
class,Sustainability,,unrecognized,1,1,NCT01875861,parsers.R@2026-08-17 / outcomes@2026-09-10
class,Switching arm: Humira and PF-06410293 (Adalimumab),,structural_or_group,1,1,NCT04230213,parsers.R@2026-08-17 / outcomes@2026-09-10
class,Syphilis,,unrecognized,1,1,NCT03881007,parsers.R@2026-08-17 / outcomes@2026-09-10
class,TGNCNB* individual,gender_diverse,mapped,1,1,NCT05140421,parsers.R@2026-08-17 / outcomes@2026-09-10
class,TNBC,,unrecognized,1,1,NCT03004183,parsers.R@2026-08-17 / outcomes@2026-09-10
category,TWO SPIRIT,gender_diverse,mapped,1,1,NCT04804072,parsers.R@2026-08-17 / outcomes@2026-09-10
class,Targeted Children,,unrecognized,1,1,NCT02873715,parsers.R@2026-08-17 / outcomes@2026-09-10
category,Teachers,,unrecognized,6,1,NCT04752189,parsers.R@2026-08-17 / outcomes@2026-09-10
class,Teachers: Female,female,mapped,1,1,NCT00612690,parsers.R@2026-08-17 / outcomes@2026-09-10
class,Teachers: Male,male,mapped,1,1,NCT00612690,parsers.R@2026-08-17 / outcomes@2026-09-10
class,Teen Female,female,mapped,1,1,NCT03592186,parsers.R@2026-08-17 / outcomes@2026-09-10
class,Teen Gender,,unrecognized,1,1,NCT03521115,parsers.R@2026-08-17 / outcomes@2026-09-10
class,Teen Male,male,mapped,1,1,NCT03592186,parsers.R@2026-08-17 / outcomes@2026-09-10
class,Teen Other / Prefer not to answer,unknown,mapped,1,1,NCT03592186,parsers.R@2026-08-17 / outcomes@2026-09-10
class,Teen Participants,,unrecognized,1,1,NCT03506880,parsers.R@2026-08-17 / outcomes@2026-09-10
class,Thailand/Mae Ramat,,unrecognized,1,1,NCT00440999,parsers.R@2026-08-17 / outcomes@2026-09-10
class,Thailand/Mae Sot,,unrecognized,1,1,NCT00440999,parsers.R@2026-08-17 / outcomes@2026-09-10
class,The Children's Hospital Colorado Base ED,,unrecognized,1,1,NCT01657344,parsers.R@2026-08-17 / outcomes@2026-09-10
class,The Children's Hospital Colorado Satellite ED,,unrecognized,1,1,NCT01657344,parsers.R@2026-08-17 / outcomes@2026-09-10
class,They/Them/Their,,unrecognized,1,1,NCT03177148,parsers.R@2026-08-17 / outcomes@2026-09-10
class,Third gender,gender_diverse,mapped,1,1,NCT04498143,parsers.R@2026-08-17 / outcomes@2026-09-10
class,Titration period - Female,female,mapped,1,1,NCT00538863,parsers.R@2026-08-17 / outcomes@2026-09-10
class,Titration period - Male,male,mapped,1,1,NCT00538863,parsers.R@2026-08-17 / outcomes@2026-09-10
class,Total Participants,,unrecognized,1,1,NCT03078868,parsers.R@2026-08-17 / outcomes@2026-09-10
class,Total Sample,,unrecognized,1,1,NCT05374798,parsers.R@2026-08-17 / outcomes@2026-09-10
class,Total score,,unrecognized,1,1,NCT00351819,parsers.R@2026-08-17 / outcomes@2026-09-10
class,Training,,unrecognized,1,1,NCT06487390,parsers.R@2026-08-17 / outcomes@2026-09-10
category,Trandgender,gender_diverse,mapped,1,1,NCT04147897,parsers.R@2026-08-17 / outcomes@2026-09-10
category,Trans,gender_diverse,mapped,1,1,NCT03231358,parsers.R@2026-08-17 / outcomes@2026-09-10
category,Trans Female,ambiguous,mapped,1,1,NCT04168645,parsers.R@2026-08-17 / outcomes@2026-09-10
class,Trans Female,ambiguous,mapped,1,1,NCT06352840,parsers.R@2026-08-17 / outcomes@2026-09-10
class,Trans Female/Trans Girl,ambiguous,mapped,1,1,NCT05900700,parsers.R@2026-08-17 / outcomes@2026-09-10
class,Trans Feminine,gender_diverse,mapped,1,1,NCT03803683,parsers.R@2026-08-17 / outcomes@2026-09-10
category,Trans Male,ambiguous,mapped,1,1,NCT04168645,parsers.R@2026-08-17 / outcomes@2026-09-10
class,Trans Male,ambiguous,mapped,1,1,NCT06352840,parsers.R@2026-08-17 / outcomes@2026-09-10
class,Trans Male/Trans Boy,ambiguous,mapped,1,1,NCT05900700,parsers.R@2026-08-17 / outcomes@2026-09-10
category,Trans Man/Trans Masculine/Male,ambiguous,mapped,1,1,NCT06615401,parsers.R@2026-08-17 / outcomes@2026-09-10
class,Trans Masculine/ Male to Female,ambiguous,mapped,1,1,NCT02401867,parsers.R@2026-08-17 / outcomes@2026-09-10
category,Trans Woman/Trans Feminine/Female,ambiguous,mapped,1,1,NCT06615401,parsers.R@2026-08-17 / outcomes@2026-09-10
class,Trans boy/man,ambiguous,mapped,1,1,NCT05521906,parsers.R@2026-08-17 / outcomes@2026-09-10
category,Trans female,ambiguous,mapped,1,1,NCT04036396,parsers.R@2026-08-17 / outcomes@2026-09-10
class,Trans female / trans w,ambiguous,mapped,1,1,NCT04768114,parsers.R@2026-08-17 / outcomes@2026-09-10
class,"Trans female, trans woman, or transfeminine",ambiguous,mapped,1,1,NCT03320512,parsers.R@2026-08-17 / outcomes@2026-09-10
class,Trans feminine,gender_diverse,mapped,1,1,NCT04498143,parsers.R@2026-08-17 / outcomes@2026-09-10
class,Trans girl/woman,ambiguous,mapped,1,1,NCT05521906,parsers.R@2026-08-17 / outcomes@2026-09-10
category,Trans male,ambiguous,mapped,1,1,NCT04896593,parsers.R@2026-08-17 / outcomes@2026-09-10
category,Trans male/Trans man,ambiguous,mapped,1,1,NCT03794986,parsers.R@2026-08-17 / outcomes@2026-09-10
class,Trans male/trans man,ambiguous,mapped,1,1,NCT03487796,parsers.R@2026-08-17 / outcomes@2026-09-10
category,Trans man,ambiguous,mapped,1,1,NCT03242954,parsers.R@2026-08-17 / outcomes@2026-09-10
class,Trans masculine,gender_diverse,mapped,1,1,NCT04498143,parsers.R@2026-08-17 / outcomes@2026-09-10
class,Trans or Gender non confirming,gender_diverse,mapped,1,1,NCT05254379,parsers.R@2026-08-17 / outcomes@2026-09-10
class,Trans or NonBinary,gender_diverse,mapped,1,1,NCT03707158,parsers.R@2026-08-17 / outcomes@2026-09-10
category,Trans or non-binary,gender_diverse,mapped,1,1,NCT02707692,parsers.R@2026-08-17 / outcomes@2026-09-10
class,Trans person,gender_diverse,mapped,1,1,NCT03210701,parsers.R@2026-08-17 / outcomes@2026-09-10
category,Trans woman,ambiguous,mapped,1,1,NCT03242954,parsers.R@2026-08-17 / outcomes@2026-09-10
class,Trans woman,ambiguous,mapped,1,1,NCT05187442,parsers.R@2026-08-17 / outcomes@2026-09-10
category,Trans-female,ambiguous,mapped,1,1,NCT04307394,parsers.R@2026-08-17 / outcomes@2026-09-10
category,Trans-male,ambiguous,mapped,1,1,NCT04307394,parsers.R@2026-08-17 / outcomes@2026-09-10
class,Trans/FTM,gender_diverse,mapped,1,1,NCT02427399,parsers.R@2026-08-17 / outcomes@2026-09-10
class,Trans/Other gender identity,gender_diverse,mapped,1,1,NCT03654690,parsers.R@2026-08-17 / outcomes@2026-09-10
class,Trans/nonbinary,gender_diverse,mapped,1,1,NCT03867734,parsers.R@2026-08-17 / outcomes@2026-09-10
category,TransMale,male,mapped,2,1,NCT04446910,parsers.R@2026-08-17 / outcomes@2026-09-10
class,Transactional Sex Work Involvement,,unrecognized,1,1,NCT03313310,parsers.R@2026-08-17 / outcomes@2026-09-10
class,Transexual,,unrecognized,1,1,NCT04233372,parsers.R@2026-08-17 / outcomes@2026-09-10
class,Transexual or Non-Conforming Transgender or nonconforming,gender_diverse,mapped,1,1,NCT03166709,parsers.R@2026-08-17 / outcomes@2026-09-10
category,Transfemale,male,mapped,1,1,NCT01781806,parsers.R@2026-08-17 / outcomes@2026-09-10
class,Transfemale or Transwoman,gender_diverse,mapped,1,1,NCT03313310,parsers.R@2026-08-17 / outcomes@2026-09-10
class,Transfemale/trans woman,ambiguous,mapped,1,1,NCT05906784,parsers.R@2026-08-17 / outcomes@2026-09-10
class,Transformista,,unrecognized,1,1,NCT06316102,parsers.R@2026-08-17 / outcomes@2026-09-10
category,Transgender (Female-to-Male),ambiguous,mapped,1,1,NCT05280756,parsers.R@2026-08-17 / outcomes@2026-09-10
class,Transgender (Male to Female),ambiguous,mapped,1,1,NCT01354314,parsers.R@2026-08-17 / outcomes@2026-09-10
category,Transgender (Male to Female),ambiguous,mapped,1,1,NCT02460692,parsers.R@2026-08-17 / outcomes@2026-09-10
category,Transgender (Male-to-Female),ambiguous,mapped,1,1,NCT05280756,parsers.R@2026-08-17 / outcomes@2026-09-10
class,Transgender (female to male),ambiguous,mapped,1,1,NCT04418076,parsers.R@2026-08-17 / outcomes@2026-09-10
class,Transgender (female),ambiguous,mapped,1,1,NCT04646291,parsers.R@2026-08-17 / outcomes@2026-09-10
class,Transgender (female-to-male),ambiguous,mapped,1,1,NCT04154150,parsers.R@2026-08-17 / outcomes@2026-09-10
class,Transgender (male to female),ambiguous,mapped,1,1,NCT04418076,parsers.R@2026-08-17 / outcomes@2026-09-10
class,Transgender (male),ambiguous,mapped,1,1,NCT04646291,parsers.R@2026-08-17 / outcomes@2026-09-10
category,Transgender FTM,gender_diverse,mapped,1,1,NCT05127837,parsers.R@2026-08-17 / outcomes@2026-09-10
class,Transgender Female (MTF),ambiguous,mapped,1,1,NCT04625686,parsers.R@2026-08-17 / outcomes@2026-09-10
class,Transgender Female (Male to Female),ambiguous,mapped,1,1,NCT05470400,parsers.R@2026-08-17 / outcomes@2026-09-10
class,Transgender Female to Male,ambiguous,mapped,1,1,NCT02701049,parsers.R@2026-08-17 / outcomes@2026-09-10
category,Transgender Female/Transgender Woman,ambiguous,mapped,1,1,NCT04742491,parsers.R@2026-08-17 / outcomes@2026-09-10
class,Transgender Female/Transwoman/Male-to-Female,ambiguous,mapped,1,1,NCT05609032,parsers.R@2026-08-17 / outcomes@2026-09-10
category,Transgender MTF,gender_diverse,mapped,1,1,NCT05127837,parsers.R@2026-08-17 / outcomes@2026-09-10
class,Transgender Male (FTM),ambiguous,mapped,1,1,NCT04625686,parsers.R@2026-08-17 / outcomes@2026-09-10
class,Transgender Male (Female to Male),ambiguous,mapped,1,1,NCT05470400,parsers.R@2026-08-17 / outcomes@2026-09-10
class,Transgender Male or Transgender Female,ambiguous,mapped,1,1,NCT05990335,parsers.R@2026-08-17 / outcomes@2026-09-10
class,Transgender Male to Female,ambiguous,mapped,1,1,NCT02701049,parsers.R@2026-08-17 / outcomes@2026-09-10
class,Transgender Man/Trans Man,ambiguous,mapped,1,1,NCT05512949,parsers.R@2026-08-17 / outcomes@2026-09-10
category,Transgender Spectrum,gender_diverse,mapped,1,1,NCT05630885,parsers.R@2026-08-17 / outcomes@2026-09-10
class,Transgender Woman/Trans Woman,ambiguous,mapped,1,1,NCT05512949,parsers.R@2026-08-17 / outcomes@2026-09-10
class,Transgender and Nonbinary (TGNB),gender_diverse,mapped,1,1,NCT04342494,parsers.R@2026-08-17 / outcomes@2026-09-10
class,Transgender boy,ambiguous,mapped,1,1,NCT05408858,parsers.R@2026-08-17 / outcomes@2026-09-10
category,Transgender boys,ambiguous,mapped,1,1,NCT03409328,parsers.R@2026-08-17 / outcomes@2026-09-10
class,Transgender female,ambiguous,mapped,1,1,NCT05533190,parsers.R@2026-08-17 / outcomes@2026-09-10
class,Transgender female (M to F),ambiguous,mapped,1,1,NCT05142618,parsers.R@2026-08-17 / outcomes@2026-09-10
category,Transgender female (male-to-female),ambiguous,mapped,1,1,NCT04283656,parsers.R@2026-08-17 / outcomes@2026-09-10
class,Transgender female to male,ambiguous,mapped,1,1,NCT03194256,parsers.R@2026-08-17 / outcomes@2026-09-10
class,Transgender female-to-male,ambiguous,mapped,1,1,NCT03343483,parsers.R@2026-08-17 / outcomes@2026-09-10
class,Transgender female/Trans woman/Male-to-female,ambiguous,mapped,1,1,NCT03844321,parsers.R@2026-08-17 / outcomes@2026-09-10
class,Transgender females,ambiguous,mapped,1,1,NCT05123274,parsers.R@2026-08-17 / outcomes@2026-09-10
class,Transgender girl,ambiguous,mapped,1,1,NCT05408858,parsers.R@2026-08-17 / outcomes@2026-09-10
category,Transgender individuals,gender_diverse,mapped,1,1,NCT02796963,parsers.R@2026-08-17 / outcomes@2026-09-10
class,Transgender male,ambiguous,mapped,1,1,NCT01495598,parsers.R@2026-08-17 / outcomes@2026-09-10
class,Transgender male (F to M),ambiguous,mapped,1,1,NCT05142618,parsers.R@2026-08-17 / outcomes@2026-09-10
category,Transgender male (female to male),ambiguous,mapped,1,1,NCT02330419,parsers.R@2026-08-17 / outcomes@2026-09-10
category,Transgender male (female-to-male),ambiguous,mapped,1,1,NCT04283656,parsers.R@2026-08-17 / outcomes@2026-09-10
class,Transgender male or non-binary,ambiguous,mapped,1,1,NCT04865341,parsers.R@2026-08-17 / outcomes@2026-09-10
category,Transgender male to female,ambiguous,mapped,1,1,NCT05180500,parsers.R@2026-08-17 / outcomes@2026-09-10
class,Transgender male to female,ambiguous,mapped,1,1,NCT03194256,parsers.R@2026-08-17 / outcomes@2026-09-10
class,Transgender male-to-female,ambiguous,mapped,1,1,NCT03343483,parsers.R@2026-08-17 / outcomes@2026-09-10
class,Transgender male/Trans man/Female-to-male,ambiguous,mapped,1,1,NCT03844321,parsers.R@2026-08-17 / outcomes@2026-09-10
class,Transgender man,ambiguous,mapped,1,1,NCT06229132,parsers.R@2026-08-17 / outcomes@2026-09-10
category,Transgender men,ambiguous,mapped,1,1,NCT04050371,parsers.R@2026-08-17 / outcomes@2026-09-10
class,Transgender or Non-binary,gender_diverse,mapped,1,1,NCT05096260,parsers.R@2026-08-17 / outcomes@2026-09-10
class,Transgender or Other,gender_diverse,mapped,1,1,NCT04745065,parsers.R@2026-08-17 / outcomes@2026-09-10
class,Transgender or gender diverse,gender_diverse,mapped,1,1,NCT05393869,parsers.R@2026-08-17 / outcomes@2026-09-10
class,Transgender or non-binary,gender_diverse,mapped,1,1,NCT03163303,parsers.R@2026-08-17 / outcomes@2026-09-10
class,Transgender or other,gender_diverse,mapped,1,1,NCT03511937,parsers.R@2026-08-17 / outcomes@2026-09-10
category,Transgender or other gender identity,gender_diverse,mapped,1,1,NCT04381481,parsers.R@2026-08-17 / outcomes@2026-09-10
category,Transgender woman,ambiguous,mapped,1,1,NCT04408469,parsers.R@2026-08-17 / outcomes@2026-09-10
category,Transgender woman or gender-diverse,ambiguous,mapped,1,1,NCT03980223,parsers.R@2026-08-17 / outcomes@2026-09-10
class,"Transgender, Male to Female",ambiguous,mapped,1,1,NCT07204444,parsers.R@2026-08-17 / outcomes@2026-09-10
category,"Transgender, Other, Prefer not to answer",unknown,mapped,1,1,NCT02332239,parsers.R@2026-08-17 / outcomes@2026-09-10
class,"Transgender, gender nonconforming, or assigned male at birth",ambiguous,mapped,1,1,NCT04289116,parsers.R@2026-08-17 / outcomes@2026-09-10
class,"Transgender, genderqueer, or other identity not listed",unknown,mapped,1,1,NCT03860077,parsers.R@2026-08-17 / outcomes@2026-09-10
class,"Transgender, non-binary, or questioning",gender_diverse,mapped,1,1,NCT04136626,parsers.R@2026-08-17 / outcomes@2026-09-10
class,Transgender/Non-binary,gender_diverse,mapped,1,1,NCT06583096,parsers.R@2026-08-17 / outcomes@2026-09-10
category,Transgender/Not Reported,unknown,mapped,1,1,NCT03898557,parsers.R@2026-08-17 / outcomes@2026-09-10
category,Transgender/Other,gender_diverse,mapped,1,1,NCT03840525,parsers.R@2026-08-17 / outcomes@2026-09-10
class,Transgender/Transwoman,ambiguous,mapped,1,1,NCT01687218,parsers.R@2026-08-17 / outcomes@2026-09-10
class,Transgender/nonbinary,gender_diverse,mapped,1,1,NCT05564299,parsers.R@2026-08-17 / outcomes@2026-09-10
category,Transgender: Male to Female,ambiguous,mapped,1,1,NCT02797262,parsers.R@2026-08-17 / outcomes@2026-09-10
class,"Transgender; Other, not specified",unknown,mapped,1,1,NCT03599141,parsers.R@2026-08-17 / outcomes@2026-09-10
category,Transmale,male,mapped,1,1,NCT03213366,parsers.R@2026-08-17 / outcomes@2026-09-10
class,Transmale or Transman,gender_diverse,mapped,1,1,NCT03313310,parsers.R@2026-08-17 / outcomes@2026-09-10
class,Transmale/trans man,ambiguous,mapped,1,1,NCT05906784,parsers.R@2026-08-17 / outcomes@2026-09-10
category,Transman,gender_diverse,mapped,1,1,NCT02870101,parsers.R@2026-08-17 / outcomes@2026-09-10
category,Transmasculine Nonbinary,gender_diverse,mapped,1,1,NCT02615171,parsers.R@2026-08-17 / outcomes@2026-09-10
class,Transmen/male,gender_diverse,mapped,1,1,NCT03808883,parsers.R@2026-08-17 / outcomes@2026-09-10
class,Transwoman/female,gender_diverse,mapped,1,1,NCT03808883,parsers.R@2026-08-17 / outcomes@2026-09-10
category,Transwomen who are Biologically Male,gender_diverse,mapped,1,1,NCT05161689,parsers.R@2026-08-17 / outcomes@2026-09-10
class,Transwomen/Trans femmes,ambiguous,mapped,1,1,NCT04934189,parsers.R@2026-08-17 / outcomes@2026-09-10
class,Travesti,,unrecognized,1,1,NCT06316102,parsers.R@2026-08-17 / outcomes@2026-09-10
class,Treated mRCC participants,,unrecognized,1,1,NCT05363072,parsers.R@2026-08-17 / outcomes@2026-09-10
class,Treatment,,unrecognized,1,1,NCT01266291,parsers.R@2026-08-17 / outcomes@2026-09-10
class,Treatment (Anti-HIV Gene Transduced CD34+ Cells): 1:0 Ratio,,unrecognized,1,1,NCT02797470,parsers.R@2026-08-17 / outcomes@2026-09-10
class,Treatment (Anti-HIV Gene Transduced CD34+ Cells): 1:1 Ratio,,unrecognized,1,1,NCT02797470,parsers.R@2026-08-17 / outcomes@2026-09-10
class,Treatment (Anti-HIV Gene Transduced CD34+ Cells): 5:1 Ratio,,unrecognized,1,1,NCT02797470,parsers.R@2026-08-17 / outcomes@2026-09-10
class,Treatment Arm,,structural_or_group,1,1,NCT01740596,parsers.R@2026-08-17 / outcomes@2026-09-10
class,Treatment Period,,unrecognized,1,1,NCT02321098,parsers.R@2026-08-17 / outcomes@2026-09-10
class,Treatment-Naive Participants,,unrecognized,1,1,NCT02699450,parsers.R@2026-08-17 / outcomes@2026-09-10
category,Two Spirit,gender_diverse,mapped,1,1,NCT04047420,parsers.R@2026-08-17 / outcomes@2026-09-10
class,Two or more,,structural_or_group,1,1,NCT02759939,parsers.R@2026-08-17 / outcomes@2026-09-10
class,Two-spirited,gender_diverse,mapped,1,1,NCT04498143,parsers.R@2026-08-17 / outcomes@2026-09-10
class,UNKNOWN,unknown,mapped,1,1,NCT06132282,parsers.R@2026-08-17 / outcomes@2026-09-10
class,USA patients,,unrecognized,1,1,NCT02891837,parsers.R@2026-08-17 / outcomes@2026-09-10
class,UVA,,unrecognized,1,1,NCT03369067,parsers.R@2026-08-17 / outcomes@2026-09-10
class,Ulcerative colitis,,unrecognized,1,1,NCT03834051,parsers.R@2026-08-17 / outcomes@2026-09-10
class,Ultrasonic Propulsion,,unrecognized,1,1,NCT02028559,parsers.R@2026-08-17 / outcomes@2026-09-10
class,Unavailable (missing data),unknown,mapped,1,1,NCT00723892,parsers.R@2026-08-17 / outcomes@2026-09-10
class,Unavailable/Not Asked,unknown,mapped,1,1,NCT02701049,parsers.R@2026-08-17 / outcomes@2026-09-10
class,Uncertain,,unrecognized,1,1,NCT02929069,parsers.R@2026-08-17 / outcomes@2026-09-10
category,Uncertain / don't know for sure,,unrecognized,1,1,NCT03912753,parsers.R@2026-08-17 / outcomes@2026-09-10
class,Undecided,,unrecognized,1,1,NCT03487796,parsers.R@2026-08-17 / outcomes@2026-09-10
category,Undecided/Questioning,gender_diverse,mapped,1,1,NCT02921841,parsers.R@2026-08-17 / outcomes@2026-09-10
category,Undifferentiated (at birth),unknown,mapped,1,1,NCT03964415,parsers.R@2026-08-17 / outcomes@2026-09-10
class,Undifferentiated Sex,unknown,mapped,1,1,NCT03201965,parsers.R@2026-08-17 / outcomes@2026-09-10
category,Undifferentiated or Unknown,unknown,mapped,1,1,NCT03546413,parsers.R@2026-08-17 / outcomes@2026-09-10
category,Undisclosed,unknown,mapped,1,1,NCT02379078,parsers.R@2026-08-17 / outcomes@2026-09-10
class,Uninjured controls,,unrecognized,1,1,NCT04083794,parsers.R@2026-08-17 / outcomes@2026-09-10
class,United Kingdom,,unrecognized,1,1,NCT06456671,parsers.R@2026-08-17 / outcomes@2026-09-10
category,Unknow or not reported,unknown,mapped,2,1,NCT03445988,parsers.R@2026-08-17 / outcomes@2026-09-10
class,Unknown (Patients),unknown,mapped,1,1,NCT04746794,parsers.R@2026-08-17 / outcomes@2026-09-10
class,Unknown (Providers and Clinic Leaders),unknown,mapped,1,1,NCT04746794,parsers.R@2026-08-17 / outcomes@2026-09-10
category,Unknown - Did Not Report,unknown,mapped,1,1,NCT04975789,parsers.R@2026-08-17 / outcomes@2026-09-10
class,Unknown - SPARC,unknown,mapped,1,1,NCT02675777,parsers.R@2026-08-17 / outcomes@2026-09-10
class,Unknown - Usual Care,unknown,mapped,1,1,NCT02675777,parsers.R@2026-08-17 / outcomes@2026-09-10
category,Unknown Donor Gender,unknown,mapped,1,1,NCT01106833,parsers.R@2026-08-17 / outcomes@2026-09-10
category,Unknown Gender,unknown,mapped,1,1,NCT01076049,parsers.R@2026-08-17 / outcomes@2026-09-10
class,Unknown Gender,unknown,mapped,1,1,NCT05950672,parsers.R@2026-08-17 / outcomes@2026-09-10
class,Unknown or Decline to Answer,unknown,mapped,1,1,NCT03712410,parsers.R@2026-08-17 / outcomes@2026-09-10
class,Unknown or Not Collected,unknown,mapped,1,1,NCT00265317,parsers.R@2026-08-17 / outcomes@2026-09-10
class,Unknown or Not Reported (Comparison 5),unknown,mapped,1,1,NCT07513259,parsers.R@2026-08-17 / outcomes@2026-09-10
class,Unknown or Not reported,unknown,mapped,1,1,NCT04901624,parsers.R@2026-08-17 / outcomes@2026-09-10
class,Unknown or Other,unknown,mapped,1,1,NCT03238001,parsers.R@2026-08-17 / outcomes@2026-09-10
category,Unknown or Other,unknown,mapped,1,1,NCT03923699,parsers.R@2026-08-17 / outcomes@2026-09-10
class,Unknown or non-binary,unknown,mapped,1,1,NCT04601480,parsers.R@2026-08-17 / outcomes@2026-09-10
class,Unknown or other,unknown,mapped,1,1,NCT06648226,parsers.R@2026-08-17 / outcomes@2026-09-10
category,"Unknown, Not Reported",unknown,mapped,2,1,NCT05965323,parsers.R@2026-08-17 / outcomes@2026-09-10
class,"Unknown, Refused, or Missing",unknown,mapped,1,1,NCT05500274,parsers.R@2026-08-17 / outcomes@2026-09-10
category,"Unknown, Refused, or Missing",unknown,mapped,1,1,NCT04743908,parsers.R@2026-08-17 / outcomes@2026-09-10
category,"Unknown, not reported",unknown,mapped,1,1,NCT03987581,parsers.R@2026-08-17 / outcomes@2026-09-10
category,Unknown/ Non Response,unknown,mapped,1,1,NCT02909673,parsers.R@2026-08-17 / outcomes@2026-09-10
class,Unknown/Not Specified,unknown,mapped,1,1,NCT04126278,parsers.R@2026-08-17 / outcomes@2026-09-10
category,Unknown/Not Stated,unknown,mapped,1,1,NCT01467466,parsers.R@2026-08-17 / outcomes@2026-09-10
category,Unknown/Other,unknown,mapped,1,1,NCT04133831,parsers.R@2026-08-17 / outcomes@2026-09-10
class,Unknown/Other/Not Reported,unknown,mapped,1,1,NCT00244374,parsers.R@2026-08-17 / outcomes@2026-09-10
class,Unknown/Refused/Prefer not to answer,unknown,mapped,1,1,NCT04274764,parsers.R@2026-08-17 / outcomes@2026-09-10
category,Unknown/missing,unknown,mapped,1,1,NCT06199934,parsers.R@2026-08-17 / outcomes@2026-09-10
category,Unknown/not collected,unknown,mapped,1,1,NCT06000683,parsers.R@2026-08-17 / outcomes@2026-09-10
class,Unknown/not reported,unknown,mapped,1,1,NCT00128713,parsers.R@2026-08-17 / outcomes@2026-09-10
category,Unknown/not reported,unknown,mapped,1,1,NCT03581123,parsers.R@2026-08-17 / outcomes@2026-09-10
class,Unknown/unlisted,unknown,mapped,1,1,NCT03698591,parsers.R@2026-08-17 / outcomes@2026-09-10
category,Unknown: Missing Data,unknown,mapped,1,1,NCT05376371,parsers.R@2026-08-17 / outcomes@2026-09-10
class,Unkown,,unrecognized,1,1,NCT04601493,parsers.R@2026-08-17 / outcomes@2026-09-10
class,Unspecified Gender,unknown,mapped,1,1,NCT01850589,parsers.R@2026-08-17 / outcomes@2026-09-10
category,Unsure,unknown,mapped,1,1,NCT06213883,parsers.R@2026-08-17 / outcomes@2026-09-10
class,Unsure/questioning,unknown,mapped,1,1,NCT05521906,parsers.R@2026-08-17 / outcomes@2026-09-10
class,Urethral Chlamydia,,unrecognized,1,1,NCT01836445,parsers.R@2026-08-17 / outcomes@2026-09-10
class,Urethral Gonorrhea,,unrecognized,1,1,NCT01836445,parsers.R@2026-08-17 / outcomes@2026-09-10
class,Use birth control,,unrecognized,1,1,NCT03058835,parsers.R@2026-08-17 / outcomes@2026-09-10
class,Use of condom,,unrecognized,1,1,NCT04233372,parsers.R@2026-08-17 / outcomes@2026-09-10
class,VA Medical Centers,,unrecognized,1,1,NCT05319561,parsers.R@2026-08-17 / outcomes@2026-09-10
class,VALUE Study (non-randomized),,unrecognized,1,1,NCT03445988,parsers.R@2026-08-17 / outcomes@2026-09-10
class,Vaccine Substudy,,unrecognized,1,1,NCT04006457,parsers.R@2026-08-17 / outcomes@2026-09-10
class,Vaginal discomfort,,unrecognized,1,1,NCT03624972,parsers.R@2026-08-17 / outcomes@2026-09-10
class,Vaginal lubrication,,unrecognized,1,1,NCT03624972,parsers.R@2026-08-17 / outcomes@2026-09-10
class,Vaginal penetrations,,unrecognized,1,1,NCT00512707,parsers.R@2026-08-17 / outcomes@2026-09-10
class,Vaginal sex,,unrecognized,1,1,NCT04233372,parsers.R@2026-08-17 / outcomes@2026-09-10
class,Values listed are mITT population,,unrecognized,1,1,NCT02766608,parsers.R@2026-08-17 / outcomes@2026-09-10
class,Vehicle,,unrecognized,1,1,NCT02242760,parsers.R@2026-08-17 / outcomes@2026-09-10
class,Vehicle QD,,unrecognized,1,1,NCT04040192,parsers.R@2026-08-17 / outcomes@2026-09-10
class,Viagra,,unrecognized,1,1,NCT06187415,parsers.R@2026-08-17 / outcomes@2026-09-10
class,Village of Winston Park,,unrecognized,1,1,NCT04037436,parsers.R@2026-08-17 / outcomes@2026-09-10
class,Virgo Intacta (Years),,unrecognized,1,1,NCT01192282,parsers.R@2026-08-17 / outcomes@2026-09-10
class,Volunteer Companion Guide,,unrecognized,1,1,NCT03896711,parsers.R@2026-08-17 / outcomes@2026-09-10
class,WRAIR Field Station,,unrecognized,1,1,NCT00223990,parsers.R@2026-08-17 / outcomes@2026-09-10
class,Wave 1,,unrecognized,1,1,NCT02390557,parsers.R@2026-08-17 / outcomes@2026-09-10
class,Wave 2,,unrecognized,1,1,NCT02390557,parsers.R@2026-08-17 / outcomes@2026-09-10
category,Were heterosexul,,unrecognized,1,1,NCT02015637,parsers.R@2026-08-17 / outcomes@2026-09-10
class,White female,female,mapped,1,1,NCT03868943,parsers.R@2026-08-17 / outcomes@2026-09-10
class,White male,male,mapped,1,1,NCT03868943,parsers.R@2026-08-17 / outcomes@2026-09-10
class,With Active Cancer,,unrecognized,1,1,NCT05022563,parsers.R@2026-08-17 / outcomes@2026-09-10
class,With pneumococcal vaccination,,unrecognized,1,1,NCT03276754,parsers.R@2026-08-17 / outcomes@2026-09-10
class,Withdrew/Withdrawn,,structural_or_group,1,1,NCT01246895,parsers.R@2026-08-17 / outcomes@2026-09-10
class,Without Active Cancer,,unrecognized,1,1,NCT05022563,parsers.R@2026-08-17 / outcomes@2026-09-10
class,Without pneumococcal vaccination,,unrecognized,1,1,NCT03276754,parsers.R@2026-08-17 / outcomes@2026-09-10
class,Woman (including transgender women),ambiguous,mapped,1,1,NCT06294145,parsers.R@2026-08-17 / outcomes@2026-09-10
class,Woman or Transgender Woman,ambiguous,mapped,1,1,NCT06001307,parsers.R@2026-08-17 / outcomes@2026-09-10
class,Woman/Female,female,mapped,1,1,NCT05922670,parsers.R@2026-08-17 / outcomes@2026-09-10
category,Woman/Girl,female,mapped,2,1,NCT05900115,parsers.R@2026-08-17 / outcomes@2026-09-10
class,Woman/Girl,female,mapped,1,1,NCT05129501,parsers.R@2026-08-17 / outcomes@2026-09-10
category,Woman/girl,female,mapped,1,1,NCT05372913,parsers.R@2026-08-17 / outcomes@2026-09-10
class,"Worry about getting HIV ""all the time"" :",,unrecognized,1,1,NCT03058835,parsers.R@2026-08-17 / outcomes@2026-09-10
class,"Worry about getting HIV ""often"" :",,unrecognized,1,1,NCT03058835,parsers.R@2026-08-17 / outcomes@2026-09-10
category,X (third gender),gender_diverse,mapped,1,1,NCT05899218,parsers.R@2026-08-17 / outcomes@2026-09-10
class,XELJANZ (MTX adherent comparative safety analysis set),,unrecognized,1,1,NCT01932372,parsers.R@2026-08-17 / outcomes@2026-09-10
class,XELJANZ (MTX adherent safety analysis set),,unrecognized,1,1,NCT01932372,parsers.R@2026-08-17 / outcomes@2026-09-10
class,XELJANZ (Safety analysis set) and Control (MTX adherent comparative safety analysis set),,unrecognized,1,1,NCT01932372,parsers.R@2026-08-17 / outcomes@2026-09-10
class,YMCA,,unrecognized,1,1,NCT04037436,parsers.R@2026-08-17 / outcomes@2026-09-10
class,Year 2 Period,,unrecognized,1,1,NCT00955682,parsers.R@2026-08-17 / outcomes@2026-09-10
class,Year 3 Period,,unrecognized,1,1,NCT00955682,parsers.R@2026-08-17 / outcomes@2026-09-10
class,Year 4 Period,,unrecognized,1,1,NCT00955682,parsers.R@2026-08-17 / outcomes@2026-09-10
class,Year 5 Period,,unrecognized,1,1,NCT00955682,parsers.R@2026-08-17 / outcomes@2026-09-10
category,Yes had sex in past 3 months at Baseline,,unrecognized,1,1,NCT02847858,parsers.R@2026-08-17 / outcomes@2026-09-10
category,Yes same sex partner,,unrecognized,3,1,NCT04680611,parsers.R@2026-08-17 / outcomes@2026-09-10
category,Yes within last 3 months,,unrecognized,1,1,NCT02494817,parsers.R@2026-08-17 / outcomes@2026-09-10
category,"Yes, I have both given and received money, things, opportunities and so on",,unrecognized,1,1,NCT05797961,parsers.R@2026-08-17 / outcomes@2026-09-10
category,"Yes, I have both given and received money, things, or opportunities",,unrecognized,1,1,NCT05161689,parsers.R@2026-08-17 / outcomes@2026-09-10
category,"Yes, I was the one giving money, things, opportunities and so on",,unrecognized,1,1,NCT05797961,parsers.R@2026-08-17 / outcomes@2026-09-10
category,"Yes, I was the one giving money, things, or opportunities",,unrecognized,1,1,NCT05161689,parsers.R@2026-08-17 / outcomes@2026-09-10
category,"Yes, I was the one receiving money, things, opportunities and so on",,unrecognized,1,1,NCT05797961,parsers.R@2026-08-17 / outcomes@2026-09-10
category,"Yes, I was the one receiving money, things, or opportunities",,unrecognized,1,1,NCT05161689,parsers.R@2026-08-17 / outcomes@2026-09-10
class,Young Child Female,female,mapped,1,1,NCT02678455,parsers.R@2026-08-17 / outcomes@2026-09-10
class,Young Child Male,male,mapped,1,1,NCT02678455,parsers.R@2026-08-17 / outcomes@2026-09-10
class,Youth Patients,,unrecognized,1,1,NCT05626231,parsers.R@2026-08-17 / outcomes@2026-09-10
class,Youth gender,,unrecognized,1,1,NCT04734015,parsers.R@2026-08-17 / outcomes@2026-09-10
class,Youth self-identified gender,,unrecognized,1,1,NCT04245501,parsers.R@2026-08-17 / outcomes@2026-09-10
class,Youths,,unrecognized,1,1,NCT05835362,parsers.R@2026-08-17 / outcomes@2026-09-10
class,Zilucoplan Sub-protocol,,unrecognized,1,1,NCT04590586,parsers.R@2026-08-17 / outcomes@2026-09-10
class,adolescent,,unrecognized,1,1,NCT05160948,parsers.R@2026-08-17 / outcomes@2026-09-10
class,alter,,unrecognized,1,1,NCT04568486,parsers.R@2026-08-17 / outcomes@2026-09-10
category,bisexual,,sexual_orientation,1,1,NCT02494817,parsers.R@2026-08-17 / outcomes@2026-09-10
class,boy,male,mapped,1,1,NCT04470518,parsers.R@2026-08-17 / outcomes@2026-09-10
category,boy,male,mapped,1,1,NCT03682900,parsers.R@2026-08-17 / outcomes@2026-09-10
class,caregiver,,unrecognized,1,1,NCT05160948,parsers.R@2026-08-17 / outcomes@2026-09-10
class,child,,structural_or_group,1,1,NCT03060291,parsers.R@2026-08-17 / outcomes@2026-09-10
class,children,,structural_or_group,1,1,NCT04261985,parsers.R@2026-08-17 / outcomes@2026-09-10
class,cis-gender female,ambiguous,mapped,1,1,NCT05257603,parsers.R@2026-08-17 / outcomes@2026-09-10
class,cisgender Man,ambiguous,mapped,1,1,NCT05819086,parsers.R@2026-08-17 / outcomes@2026-09-10
class,cisgender Woman,ambiguous,mapped,1,1,NCT05819086,parsers.R@2026-08-17 / outcomes@2026-09-10
class,cisgender boys,ambiguous,mapped,1,1,NCT03501264,parsers.R@2026-08-17 / outcomes@2026-09-10
class,cisgender girls,ambiguous,mapped,1,1,NCT03501264,parsers.R@2026-08-17 / outcomes@2026-09-10
category,cisgender men,ambiguous,mapped,1,1,NCT04517604,parsers.R@2026-08-17 / outcomes@2026-09-10
class,cisgender woman,ambiguous,mapped,1,1,NCT05471349,parsers.R@2026-08-17 / outcomes@2026-09-10
category,cisgender women,ambiguous,mapped,1,1,NCT04517604,parsers.R@2026-08-17 / outcomes@2026-09-10
class,family surrogates,,unrecognized,1,1,NCT02693665,parsers.R@2026-08-17 / outcomes@2026-09-10
class,female - child,female,mapped,1,1,NCT04506294,parsers.R@2026-08-17 / outcomes@2026-09-10
class,female - parent / guardian,female,mapped,1,1,NCT04506294,parsers.R@2026-08-17 / outcomes@2026-09-10
class,female participant,female,mapped,1,1,NCT06684951,parsers.R@2026-08-17 / outcomes@2026-09-10
class,female participants,female,mapped,1,1,NCT02143141,parsers.R@2026-08-17 / outcomes@2026-09-10
class,female participants - arousal,female,mapped,1,1,NCT00385671,parsers.R@2026-08-17 / outcomes@2026-09-10
class,female participants - desire/frequency,female,mapped,1,1,NCT00385671,parsers.R@2026-08-17 / outcomes@2026-09-10
class,female participants - desire/interest,female,mapped,1,1,NCT00385671,parsers.R@2026-08-17 / outcomes@2026-09-10
class,female participants - orgasm,female,mapped,1,1,NCT00385671,parsers.R@2026-08-17 / outcomes@2026-09-10
class,female participants - pleasure,female,mapped,1,1,NCT00385671,parsers.R@2026-08-17 / outcomes@2026-09-10
class,female participants - total,female,mapped,1,1,NCT00385671,parsers.R@2026-08-17 / outcomes@2026-09-10
class,female patients,female,mapped,1,1,NCT01356940,parsers.R@2026-08-17 / outcomes@2026-09-10
class,female pregnant patients,female,mapped,1,1,NCT02619799,parsers.R@2026-08-17 / outcomes@2026-09-10
class,females analyzed,female,mapped,1,1,NCT04554693,parsers.R@2026-08-17 / outcomes@2026-09-10
class,gBRCAm cohort,,structural_or_group,1,1,NCT03286842,parsers.R@2026-08-17 / outcomes@2026-09-10
category,gay,,sexual_orientation,1,1,NCT02494817,parsers.R@2026-08-17 / outcomes@2026-09-10
class,gender minority,gender_diverse,mapped,1,1,NCT03501264,parsers.R@2026-08-17 / outcomes@2026-09-10
class,gender not known,unknown,mapped,1,1,NCT03812185,parsers.R@2026-08-17 / outcomes@2026-09-10
class,gender/sex was not recorded,unknown,mapped,1,1,NCT00806221,parsers.R@2026-08-17 / outcomes@2026-09-10
class,girl,female,mapped,1,1,NCT04470518,parsers.R@2026-08-17 / outcomes@2026-09-10
category,girl,female,mapped,1,1,NCT03682900,parsers.R@2026-08-17 / outcomes@2026-09-10
category,intersex,gender_diverse,mapped,1,1,NCT04464720,parsers.R@2026-08-17 / outcomes@2026-09-10
class,mCRPC,,unrecognized,1,1,NCT05701007,parsers.R@2026-08-17 / outcomes@2026-09-10
class,mCSPC,,unrecognized,1,1,NCT05701007,parsers.R@2026-08-17 / outcomes@2026-09-10
class,mITT Analysis Set,,unrecognized,1,1,NCT04346628,parsers.R@2026-08-17 / outcomes@2026-09-10
class,mRCC - Axitinib,,unrecognized,1,1,NCT00700258,parsers.R@2026-08-17 / outcomes@2026-09-10
class,mRCC - Sunitinib,,unrecognized,1,1,NCT00700258,parsers.R@2026-08-17 / outcomes@2026-09-10
class,mRCC - Temsirolimus,,unrecognized,1,1,NCT00700258,parsers.R@2026-08-17 / outcomes@2026-09-10
class,male - child,male,mapped,1,1,NCT04506294,parsers.R@2026-08-17 / outcomes@2026-09-10
class,male - parent / guardian,male,mapped,1,1,NCT04506294,parsers.R@2026-08-17 / outcomes@2026-09-10
class,male gender,male,mapped,1,1,NCT00047619,parsers.R@2026-08-17 / outcomes@2026-09-10
class,male or female,female,mapped,1,1,NCT00735254,parsers.R@2026-08-17 / outcomes@2026-09-10
class,male participants,male,mapped,1,1,NCT02045433,parsers.R@2026-08-17 / outcomes@2026-09-10
class,male participants - arousal,male,mapped,1,1,NCT00385671,parsers.R@2026-08-17 / outcomes@2026-09-10
class,male participants - desire/frequency,male,mapped,1,1,NCT00385671,parsers.R@2026-08-17 / outcomes@2026-09-10
class,male participants - desire/interest,male,mapped,1,1,NCT00385671,parsers.R@2026-08-17 / outcomes@2026-09-10
class,male participants - orgasm,male,mapped,1,1,NCT00385671,parsers.R@2026-08-17 / outcomes@2026-09-10
class,male participants - pleasure,male,mapped,1,1,NCT00385671,parsers.R@2026-08-17 / outcomes@2026-09-10
class,male participants - total,male,mapped,1,1,NCT00385671,parsers.R@2026-08-17 / outcomes@2026-09-10
class,male patients,male,mapped,1,1,NCT01356940,parsers.R@2026-08-17 / outcomes@2026-09-10
class,male-female,female,mapped,1,1,NCT01163786,parsers.R@2026-08-17 / outcomes@2026-09-10
class,male-male,male,mapped,1,1,NCT01163786,parsers.R@2026-08-17 / outcomes@2026-09-10
class,man,male,mapped,1,1,NCT04602741,parsers.R@2026-08-17 / outcomes@2026-09-10
category,men,male,mapped,1,1,NCT02022566,parsers.R@2026-08-17 / outcomes@2026-09-10
category,missing,unknown,mapped,1,1,NCT03238417,parsers.R@2026-08-17 / outcomes@2026-09-10
class,missing data,unknown,mapped,1,1,NCT02651922,parsers.R@2026-08-17 / outcomes@2026-09-10
class,"missing, declined, unknown, unspecified",unknown,mapped,1,1,NCT03115359,parsers.R@2026-08-17 / outcomes@2026-09-10
class,missing/other patients,unknown,mapped,1,1,NCT05627596,parsers.R@2026-08-17 / outcomes@2026-09-10
class,modified Per Protocol Set,,unrecognized,1,1,NCT02603809,parsers.R@2026-08-17 / outcomes@2026-09-10
class,n/a,,structural_or_group,1,1,NCT03688542,parsers.R@2026-08-17 / outcomes@2026-09-10
category,neither boy nor girl,female,mapped,1,1,NCT03682900,parsers.R@2026-08-17 / outcomes@2026-09-10
category,non disclosed,,unrecognized,1,1,NCT05933525,parsers.R@2026-08-17 / outcomes@2026-09-10
category,non-binary,gender_diverse,mapped,1,1,NCT05326776,parsers.R@2026-08-17 / outcomes@2026-09-10
class,non-binary/third gender,gender_diverse,mapped,1,1,NCT04268316,parsers.R@2026-08-17 / outcomes@2026-09-10
class,nonbinary,gender_diverse,mapped,1,1,NCT05562674,parsers.R@2026-08-17 / outcomes@2026-09-10
class,nonbinary (assigned female at birth),gender_diverse,mapped,1,1,NCT04000724,parsers.R@2026-08-17 / outcomes@2026-09-10
class,nonbinary (assigned male at birth),gender_diverse,mapped,1,1,NCT04000724,parsers.R@2026-08-17 / outcomes@2026-09-10
class,"none of these describe me (includes those identifying as non-binary, transgender, and bi-gender)",gender_diverse,mapped,1,1,NCT04757298,parsers.R@2026-08-17 / outcomes@2026-09-10
category,not known,unknown,mapped,1,1,NCT01022268,parsers.R@2026-08-17 / outcomes@2026-09-10
category,not reported (missing),unknown,mapped,1,1,NCT03682900,parsers.R@2026-08-17 / outcomes@2026-09-10
class,not reported - child,unknown,mapped,1,1,NCT04506294,parsers.R@2026-08-17 / outcomes@2026-09-10
class,not reported - parent / guardian,unknown,mapped,1,1,NCT04506294,parsers.R@2026-08-17 / outcomes@2026-09-10
class,number of man (%),male,mapped,1,1,NCT03020225,parsers.R@2026-08-17 / outcomes@2026-09-10
class,only female in study,female,mapped,1,1,NCT01199952,parsers.R@2026-08-17 / outcomes@2026-09-10
class,other - child,gender_diverse,mapped,1,1,NCT04506294,parsers.R@2026-08-17 / outcomes@2026-09-10
class,other - parent / guardian,gender_diverse,mapped,1,1,NCT04506294,parsers.R@2026-08-17 / outcomes@2026-09-10
category,other endorsed,gender_diverse,mapped,1,1,NCT05973981,parsers.R@2026-08-17 / outcomes@2026-09-10
class,other or unknown,unknown,mapped,1,1,NCT04206397,parsers.R@2026-08-17 / outcomes@2026-09-10
class,other/nonbinary,gender_diverse,mapped,1,1,NCT04259749,parsers.R@2026-08-17 / outcomes@2026-09-10
class,parent,,structural_or_group,1,1,NCT03060291,parsers.R@2026-08-17 / outcomes@2026-09-10
class,percent of female participants,female,mapped,1,1,NCT02165722,parsers.R@2026-08-17 / outcomes@2026-09-10
class,prefer not to answer,unknown,mapped,1,1,NCT03877744,parsers.R@2026-08-17 / outcomes@2026-09-10
category,prefer not to answer,unknown,mapped,1,1,NCT04573972,parsers.R@2026-08-17 / outcomes@2026-09-10
class,prefer not to say,unknown,mapped,1,1,NCT04470518,parsers.R@2026-08-17 / outcomes@2026-09-10
class,rMenB( part I; female),female,mapped,1,1,NCT01478347,parsers.R@2026-08-17 / outcomes@2026-09-10
class,rMenB( part I; male),male,mapped,1,1,NCT01478347,parsers.R@2026-08-17 / outcomes@2026-09-10
class,rMenB( part II; female),female,mapped,1,1,NCT01478347,parsers.R@2026-08-17 / outcomes@2026-09-10
class,rMenB( part II; male),male,mapped,1,1,NCT01478347,parsers.R@2026-08-17 / outcomes@2026-09-10
class,refuse to answer,unknown,mapped,1,1,NCT05471349,parsers.R@2026-08-17 / outcomes@2026-09-10
class,refused/unidentified,unknown,mapped,1,1,NCT03652688,parsers.R@2026-08-17 / outcomes@2026-09-10
class,sBRCAm cohort,,structural_or_group,1,1,NCT03286842,parsers.R@2026-08-17 / outcomes@2026-09-10
class,seed,,unrecognized,1,1,NCT04568486,parsers.R@2026-08-17 / outcomes@2026-09-10
class,smITT Analysis Set,,unrecognized,1,1,NCT04346628,parsers.R@2026-08-17 / outcomes@2026-09-10
class,trans feminine,gender_diverse,mapped,1,1,NCT04000724,parsers.R@2026-08-17 / outcomes@2026-09-10
class,trans masculine,gender_diverse,mapped,1,1,NCT04000724,parsers.R@2026-08-17 / outcomes@2026-09-10
class,transgender Man,ambiguous,mapped,1,1,NCT05819086,parsers.R@2026-08-17 / outcomes@2026-09-10
class,transgender Woman,ambiguous,mapped,1,1,NCT05819086,parsers.R@2026-08-17 / outcomes@2026-09-10
class,transgender female,ambiguous,mapped,1,1,NCT03584282,parsers.R@2026-08-17 / outcomes@2026-09-10
class,transgender male,ambiguous,mapped,1,1,NCT03652688,parsers.R@2026-08-17 / outcomes@2026-09-10
class,transgender man,ambiguous,mapped,1,1,NCT05471349,parsers.R@2026-08-17 / outcomes@2026-09-10
category,transgender men,ambiguous,mapped,1,1,NCT04517604,parsers.R@2026-08-17 / outcomes@2026-09-10
category,transgender women,ambiguous,mapped,1,1,NCT04517604,parsers.R@2026-08-17 / outcomes@2026-09-10
class,two-spirit,gender_diverse,mapped,1,1,NCT04376346,parsers.R@2026-08-17 / outcomes@2026-09-10
class,unspecified,unknown,mapped,1,1,NCT00892008,parsers.R@2026-08-17 / outcomes@2026-09-10
class,woman,female,mapped,1,1,NCT04602741,parsers.R@2026-08-17 / outcomes@2026-09-10
category,woman,female,mapped,1,1,NCT02969512,parsers.R@2026-08-17 / outcomes@2026-09-10
